adult_weekday,adult_weekend,average_snowfall,base_elev,daysopenlast_year,double,fast_quads,fast_sixes,longest_run_mi,name,night_skiing_ac,projecteddays_open,quad,region,runs,skiable_terrain_ac,snow_making_ac,state,summit_elev,surface,terrain_parks_resort,total_chairs,trams,triple,vertical_drop,years_open,price_delta,resort_cnt,skiable_area_ac,days_open,terrain_parks_state,nightskiing_ac,resorts_per_100kcapita,resorts_per_100ksq_mile,resort_skiable_area_ac_state_ratio,resort_days_open_state_ratio,resort_terrain_park_state_ratio,resort_night_skiing_state_ratio,total_chairs_runs_ratio,total_chairs_skiable_ratio,fastQuads_runs_ratio,fastQuads_skiable_ratio
65.0,85.0,669.0,250,150.0,0,2,0,1.0,alyeska_resort,550.0,150.0,2,alaska,76.0,1610.0,113.0,alaska,3939,2,2.0,7,1,0,2500,60.0,20.0,3,2280.0,345.0,4.0,580.0,0.4100909718472548,0.45086746901037594,0.706140350877193,0.43478260869565216,0.5,0.9482758620689655,0.09210526315789473,0.004347826086956522,0.02631578947368421,0.0012422360248447205
47.0,53.0,350.0,1200,45.0,4,0,0,2.0,eaglecrest_ski_area,,90.0,0,alaska,36.0,640.0,60.0,alaska,2600,0,1.0,4,0,0,1540,44.0,6.0,3,2280.0,345.0,4.0,580.0,0.4100909718472548,0.45086746901037594,0.2807017543859649,0.13043478260869565,0.25,,0.1111111111111111,0.00625,0.0,0.0
30.0,34.0,69.0,1796,150.0,0,0,0,1.0,hilltop_ski_area,30.0,152.0,0,alaska,13.0,30.0,30.0,alaska,2090,2,1.0,3,0,1,294,36.0,4.0,3,2280.0,345.0,4.0,580.0,0.4100909718472548,0.45086746901037594,0.013157894736842105,0.43478260869565216,0.25,0.05172413793103448,0.23076923076923078,0.1,0.0,0.0
89.0,89.0,260.0,9200,122.0,1,0,1,2.0,arizona_snowbowl,,122.0,2,arizona,55.0,777.0,104.0,arizona,11500,2,4.0,8,0,2,2300,81.0,0.0,2,1577.0,237.0,6.0,80.0,0.027477369981550318,1.7545398719185894,0.49270767279644895,0.5147679324894515,0.6666666666666666,,0.14545454545454545,0.010296010296010296,0.0,0.0
74.0,78.0,250.0,9200,115.0,1,1,0,1.2,sunrise_park_resort,80.0,104.0,2,arizona,65.0,800.0,80.0,arizona,11100,0,2.0,7,0,3,1800,49.0,4.0,2,1577.0,237.0,6.0,80.0,0.027477369981550318,1.7545398719185894,0.507292327203551,0.48523206751054854,0.3333333333333333,1.0,0.1076923076923077,0.00875,0.015384615384615385,0.00125
47.0,47.0,300.0,7200,110.0,3,0,0,0.4,yosemite_ski_&_snowboard_area,,107.0,0,northern_california,10.0,88.0,,california,7800,1,2.0,5,0,1,600,84.0,0.0,21,25948.0,2738.0,81.0,587.0,0.05314811064920341,12.828736369467608,0.0033913981809773393,0.04017531044558072,0.024691358024691357,,0.5,0.056818181818181816,0.0,0.0
78.0,78.0,350.0,6600,,5,0,0,2.0,dodge_ridge,,140.0,1,sierra_nevada,67.0,862.0,,california,8200,4,5.0,12,0,2,1600,69.0,0.0,21,25948.0,2738.0,81.0,587.0,0.05314811064920341,12.828736369467608,0.033220286727300756,,0.06172839506172839,,0.1791044776119403,0.013921113689095127,0.0,0.0
75.0,75.0,400.0,7031,163.0,5,0,0,1.5,donner_ski_ranch,,170.0,0,sierra_nevada,52.0,505.0,60.0,california,8012,2,2.0,8,0,1,750,82.0,0.0,21,25948.0,2738.0,81.0,587.0,0.05314811064920341,12.828736369467608,0.019462000924926778,0.059532505478451424,0.024691358024691357,,0.15384615384615385,0.015841584158415842,0.0,0.0
149.0,159.0,400.0,7953,243.0,4,9,2,3.0,mammoth_mountain_ski_area,,,1,sierra_nevada,154.0,3500.0,700.0,california,11053,0,7.0,25,3,6,3100,66.0,10.0,21,25948.0,2738.0,81.0,587.0,0.05314811064920341,12.828736369467608,0.1348851549252351,0.0887509130752374,0.08641975308641975,,0.16233766233766234,0.007142857142857143,0.05844155844155844,0.0025714285714285713
49.0,59.0,300.0,5500,140.0,0,0,0,1.1,mt._shasta_ski_park,,130.0,0,sierra_nevada,32.0,425.0,225.0,california,6890,1,2.0,4,0,3,1435,34.0,10.0,21,25948.0,2738.0,81.0,587.0,0.05314811064920341,12.828736369467608,0.016378911669492832,0.05113221329437546,0.024691358024691357,,0.125,0.009411764705882352,0.0,0.0
84.0,84.0,108.0,6600,118.0,5,2,0,1.6,mountain_high,73.0,150.0,2,sierra_nevada,59.0,290.0,275.0,california,8200,3,1.0,14,0,2,1600,95.0,0.0,21,25948.0,2738.0,81.0,587.0,0.05314811064920341,12.828736369467608,0.01117619855094805,0.04309715120525932,0.012345679012345678,0.12436115843270869,0.23728813559322035,0.04827586206896552,0.03389830508474576,0.006896551724137931
69.0,69.0,178.0,6500,175.0,4,0,0,2.5,mt._baldy,,200.0,0,sierra_nevada,26.0,400.0,80.0,california,8600,0,,4,0,0,2100,67.0,0.0,21,25948.0,2738.0,81.0,587.0,0.05314811064920341,12.828736369467608,0.015415446277169724,0.06391526661796933,,,0.15384615384615385,0.01,0.0,0.0
83.0,83.0,300.0,7030,140.0,2,0,0,2.2,ski_china_peak,,144.0,1,sierra_nevada,45.0,1400.0,150.0,california,8709,4,1.0,11,0,4,1679,62.0,0.0,21,25948.0,2738.0,81.0,587.0,0.05314811064920341,12.828736369467608,0.05395406197009404,0.05113221329437546,0.012345679012345678,,0.24444444444444444,0.007857142857142858,0.0,0.0
69.0,79.0,160.0,6800,111.0,6,0,0,1.2,snow_valley,164.0,143.0,0,sierra_nevada,28.0,240.0,188.0,california,7841,1,6.0,12,0,5,1041,82.0,10.0,21,25948.0,2738.0,81.0,587.0,0.05314811064920341,12.828736369467608,0.009249267766301835,0.04054054054054054,0.07407407407407407,0.27938671209540034,0.42857142857142855,0.05,0.0,0.0
50.0,50.0,400.0,6700,150.0,1,0,0,0.4,soda_springs,,144.0,0,sierra_nevada,18.0,200.0,20.0,california,7352,2,,4,0,1,652,83.0,0.0,21,25948.0,2738.0,81.0,587.0,0.05314811064920341,12.828736369467608,0.007707723138584862,0.0547845142439737,,,0.2222222222222222,0.02,0.0,0.0
125.0,125.0,500.0,6883,151.0,0,5,0,3.0,sugar_bowl_resort,,150.0,3,sierra_nevada,105.0,1650.0,375.0,california,8383,2,3.0,12,1,1,1500,80.0,0.0,21,25948.0,2738.0,81.0,587.0,0.05314811064920341,12.828736369467608,0.06358871589332511,0.05514974433893353,0.037037037037037035,,0.11428571428571428,0.007272727272727273,0.047619047619047616,0.0030303030303030303
69.0,69.0,400.0,6750,150.0,0,0,0,1.0,tahoe_donner,,144.0,1,sierra_nevada,14.0,120.0,,california,7350,3,2.0,5,0,1,600,48.0,0.0,21,25948.0,2738.0,81.0,587.0,0.05314811064920341,12.828736369467608,0.004624633883150917,0.0547845142439737,0.024691358024691357,,0.35714285714285715,0.041666666666666664,0.0,0.0
85.0,85.0,350.0,10780,230.0,2,1,0,1.5,arapahoe_basin_ski_area,,233.0,2,colorado,145.0,1428.0,125.0,colorado,13050,3,3.0,9,0,1,2530,73.0,0.0,22,43682.0,3258.0,74.0,428.0,0.3820282784277661,21.13474359713336,0.032690810860308596,0.07059545733578883,0.04054054054054054,,0.06206896551724138,0.0063025210084033615,0.006896551724137931,0.0007002801120448179
179.0,179.0,300.0,8104,138.0,5,15,1,5.3,aspen_/_snowmass,,138.0,4,colorado,336.0,5517.0,658.0,colorado,12510,9,10.0,40,3,3,4406,72.0,0.0,22,43682.0,3258.0,74.0,428.0,0.3820282784277661,21.13474359713336,0.12629916212627626,0.0423572744014733,0.13513513513513514,,0.11904761904761904,0.0072503172013775605,0.044642857142857144,0.0027188689505165853
158.0,158.0,300.0,9712,164.0,4,4,2,1.7,copper_mountain_resort,,164.0,0,colorado,150.0,2527.0,364.0,colorado,12313,9,6.0,24,1,4,2738,47.0,0.0,22,43682.0,3258.0,74.0,428.0,0.3820282784277661,21.13474359713336,0.05784991529691864,0.05033763044812769,0.08108108108108109,,0.16,0.009497427779976256,0.02666666666666667,0.0015829046299960427
89.0,89.0,260.0,8793,130.0,3,2,1,1.3,purgatory,,130.0,0,colorado,101.0,1605.0,250.0,colorado,10822,3,9.0,12,0,3,2029,54.0,0.0,22,43682.0,3258.0,74.0,428.0,0.3820282784277661,21.13474359713336,0.03674282313080903,0.03990178023327195,0.12162162162162163,,0.1188118811881188,0.007476635514018692,0.019801980198019802,0.0012461059190031153
25.0,25.0,150.0,6696,100.0,1,0,0,6.0,howelsen_hill,10.0,100.0,0,colorado,17.0,50.0,25.0,colorado,7136,3,1.0,4,0,0,440,104.0,0.0,22,43682.0,3258.0,74.0,428.0,0.3820282784277661,21.13474359713336,0.0011446362346046427,0.030693677102516883,0.013513513513513514,0.02336448598130841,0.23529411764705882,0.08,0.0,0.0
79.0,79.0,422.0,10800,205.0,2,1,0,2.0,loveland,,184.0,3,colorado,94.0,1800.0,240.0,colorado,13010,1,1.0,10,0,3,2210,82.0,0.0,22,43682.0,3258.0,74.0,428.0,0.3820282784277661,21.13474359713336,0.041206904445767134,0.06292203806015961,0.013513513513513514,,0.10638297872340426,0.005555555555555556,0.010638297872340425,0.0005555555555555556
89.0,89.0,350.0,10790,143.0,4,0,0,1.0,monarch_mountain,,136.0,1,colorado,64.0,800.0,,colorado,11952,2,2.0,7,0,0,1162,80.0,0.0,22,43682.0,3258.0,74.0,428.0,0.3820282784277661,21.13474359713336,0.018314179753674283,0.04389195825659914,0.02702702702702703,,0.109375,0.00875,0.0,0.0
71.0,71.0,250.0,8200,111.0,2,1,0,1.5,powderhorn,,110.0,0,colorado,42.0,1600.0,42.0,colorado,9850,2,2.0,5,0,0,1650,53.0,0.0,22,43682.0,3258.0,74.0,428.0,0.3820282784277661,21.13474359713336,0.036628359507348565,0.03406998158379374,0.02702702702702703,,0.11904761904761904,0.003125,0.023809523809523808,0.000625
79.0,79.0,400.0,10400,175.0,1,0,0,1.5,silverton_mountain,,181.0,0,colorado,,1819.0,,colorado,13487,0,,1,0,0,3087,17.0,0.0,22,43682.0,3258.0,74.0,428.0,0.3820282784277661,21.13474359713336,0.041641866214916896,0.053713934929404544,,,,0.0005497526113249038,,0.0
56.0,56.0,260.0,10500,130.0,1,0,0,1.0,cooper,,130.0,0,colorado,41.0,400.0,,colorado,11700,2,1.0,4,0,1,1200,74.0,0.0,22,43682.0,3258.0,74.0,428.0,0.3820282784277661,21.13474359713336,0.009157089876837141,0.03990178023327195,0.013513513513513514,,0.0975609756097561,0.01,0.0,0.0
84.0,84.0,220.0,8202,116.0,1,2,0,0.6,ski_granby_ranch,100.0,92.0,0,colorado,40.0,406.0,170.0,colorado,9202,1,1.0,5,0,1,1000,36.0,0.0,22,43682.0,3258.0,74.0,428.0,0.3820282784277661,21.13474359713336,0.009294446224989698,0.03560466543891958,0.013513513513513514,0.2336448598130841,0.125,0.012315270935960592,0.05,0.0049261083743842365
65.0,65.0,250.0,7885,100.0,2,0,0,2.5,sunlight_mountain_resort,,135.0,0,colorado,67.0,680.0,30.0,colorado,9895,0,1.0,3,0,1,2010,53.0,0.0,22,43682.0,3258.0,74.0,428.0,0.3820282784277661,21.13474359713336,0.01556705279062314,0.030693677102516883,0.013513513513513514,,0.04477611940298507,0.004411764705882353,0.0,0.0
139.0,139.0,280.0,8725,131.0,2,6,0,4.6,telluride,,137.0,1,colorado,148.0,2000.0,220.0,colorado,13150,4,3.0,17,2,2,4425,47.0,0.0,22,43682.0,3258.0,74.0,428.0,0.3820282784277661,21.13474359713336,0.0457854493841857,0.040208717004297116,0.04054054054054054,,0.11486486486486487,0.0085,0.04054054054054054,0.003
72.0,72.0,430.0,10300,130.0,1,3,0,2.0,wolf_creek_ski_area,,150.0,1,colorado,120.0,1600.0,5.0,colorado,11904,3,,10,0,2,1604,80.0,0.0,22,43682.0,3258.0,74.0,428.0,0.3820282784277661,21.13474359713336,0.036628359507348565,0.03990178023327195,,,0.08333333333333333,0.00625,0.025,0.001875
30.0,65.0,92.0,950,,0,0,0,1.5,mohawk_mountain,64.0,110.0,0,connecticut,25.0,107.0,100.0,connecticut,1600,3,,8,0,5,650,72.0,35.0,5,358.0,353.0,10.0,256.0,0.14024151833321272,90.20386072523904,0.2988826815642458,,,0.25,0.32,0.07476635514018691,0.0,0.0
60.0,60.0,80.0,100,63.0,2,0,0,0.3,mount_southington_ski_area,51.0,95.0,0,connecticut,14.0,51.0,51.0,connecticut,525,3,2.0,7,0,2,425,55.0,0.0,5,358.0,353.0,10.0,256.0,0.14024151833321272,90.20386072523904,0.1424581005586592,0.17847025495750707,0.2,0.19921875,0.5,0.13725490196078433,0.0,0.0
45.0,55.0,80.0,170,80.0,2,0,0,0.5,powder_ridge_park,40.0,100.0,0,connecticut,19.0,80.0,68.0,connecticut,720,2,4.0,5,0,1,550,60.0,10.0,5,358.0,353.0,10.0,256.0,0.14024151833321272,90.20386072523904,0.22346368715083798,0.22662889518413598,0.4,0.15625,0.2631578947368421,0.0625,0.0,0.0
62.0,62.0,45.0,450,84.0,0,0,0,1.0,ski_sundown,66.0,95.0,0,connecticut,16.0,70.0,70.0,connecticut,1075,2,2.0,5,0,3,625,50.0,0.0,5,358.0,353.0,10.0,256.0,0.14024151833321272,90.20386072523904,0.19553072625698323,0.23796033994334279,0.2,0.2578125,0.3125,0.07142857142857142,0.0,0.0
42.0,42.0,70.0,430,126.0,1,0,0,0.2,woodbury_ski_area,35.0,180.0,0,connecticut,12.0,50.0,50.0,connecticut,730,4,2.0,5,0,0,300,57.0,0.0,5,358.0,353.0,10.0,256.0,0.14024151833321272,90.20386072523904,0.13966480446927373,0.35694050991501414,0.2,0.13671875,0.4166666666666667,0.1,0.0,0.0
64.0,64.0,250.0,5800,134.0,3,3,0,1.5,bogus_basin,165.0,130.0,0,idaho,91.0,2600.0,,idaho,7582,4,3.0,11,0,1,1800,77.0,0.0,12,16396.0,1136.0,27.0,415.0,0.6714920833881253,14.359391640440833,0.15857526225908758,0.11795774647887323,0.1111111111111111,0.39759036144578314,0.12087912087912088,0.004230769230769231,0.03296703296703297,0.001153846153846154
70.0,70.0,320.0,5840,126.0,0,1,0,3.2,brundage_mountain_resort,,,0,idaho,51.0,1920.0,2.0,idaho,7640,1,2.0,6,0,4,1800,58.0,0.0,12,16396.0,1136.0,27.0,415.0,0.6714920833881253,14.359391640440833,0.11710173212978775,0.11091549295774648,0.07407407407407407,,0.11764705882352941,0.003125,0.0196078431372549,0.0005208333333333333
44.0,47.0,400.0,4500,113.0,3,0,0,1.5,lookout_pass_ski_area,,140.0,0,idaho,35.0,540.0,,idaho,5650,0,2.0,4,0,1,1150,84.0,3.0,12,16396.0,1136.0,27.0,415.0,0.6714920833881253,14.359391640440833,0.032934862161502806,0.0994718309859155,0.07407407407407407,,0.11428571428571428,0.007407407407407408,0.0,0.0
32.0,32.0,180.0,6500,65.0,1,0,0,1.5,magic_mountain_ski_area,,70.0,0,idaho,11.0,280.0,,idaho,7200,2,,3,0,0,700,81.0,0.0,12,16396.0,1136.0,27.0,415.0,0.6714920833881253,14.359391640440833,0.017077335935594046,0.05721830985915493,,,0.2727272727272727,0.010714285714285714,0.0,0.0
47.0,47.0,250.0,6360,85.0,0,0,0,1.3,pebble_creek_ski_area,30.0,91.0,0,idaho,54.0,1100.0,30.0,idaho,8560,0,2.0,3,0,3,2200,70.0,0.0,12,16396.0,1136.0,27.0,415.0,0.6714920833881253,14.359391640440833,0.0670895340326909,0.07482394366197183,0.07407407407407407,0.07228915662650602,0.05555555555555555,0.0027272727272727275,0.0,0.0
81.0,81.0,300.0,4000,136.0,3,2,1,2.1,schweitzer,100.0,,0,idaho,92.0,2900.0,47.0,idaho,6400,2,3.0,9,0,1,2400,56.0,0.0,12,16396.0,1136.0,27.0,415.0,0.6714920833881253,14.359391640440833,0.17687240790436692,0.11971830985915492,0.1111111111111111,0.24096385542168675,0.09782608695652174,0.003103448275862069,0.021739130434782608,0.000689655172413793
57.0,62.0,300.0,4100,130.0,2,0,0,2.5,silver_mountain,20.0,193.0,1,idaho,80.0,1600.0,225.0,idaho,6300,1,2.0,7,1,2,2200,29.0,5.0,12,16396.0,1136.0,27.0,415.0,0.6714920833881253,14.359391640440833,0.09758477677482313,0.11443661971830986,0.07407407407407407,0.04819277108433735,0.0875,0.004375,0.0,0.0
43.0,43.0,,5800,60.0,2,0,0,0.4,soldier_mountain_ski_area,,,0,idaho,36.0,1142.0,,idaho,7200,1,,3,0,0,1400,71.0,0.0,12,16396.0,1136.0,27.0,415.0,0.6714920833881253,14.359391640440833,0.06965113442303,0.0528169014084507,,,0.08333333333333333,0.002626970227670753,0.0,0.0
71.0,71.0,300.0,4900,,0,2,0,1.5,tamarack_resort,,150.0,2,idaho,48.0,1020.0,200.0,idaho,7700,2,3.0,6,0,0,2800,15.0,0.0,12,16396.0,1136.0,27.0,415.0,0.6714920833881253,14.359391640440833,0.062210295193949744,,0.1111111111111111,,0.125,0.0058823529411764705,0.041666666666666664,0.00196078431372549
40.0,55.0,50.0,565,87.0,0,0,0,0.2,chestnut_mountain_resort,139.0,112.0,2,illinois,22.0,139.0,139.0,illinois,1040,3,3.0,9,0,4,475,60.0,15.0,4,191.0,221.0,6.0,191.0,0.03156610245678186,6.906792830749041,0.7277486910994765,0.3936651583710407,0.5,0.7277486910994765,0.4090909090909091,0.06474820143884892,0.0,0.0
25.0,35.0,38.0,528,56.0,2,0,0,0.8,ski_snowstar_winter_sports_park,28.0,86.0,2,illinois,15.0,28.0,28.0,illinois,790,2,1.0,6,0,0,262,38.0,10.0,4,191.0,221.0,6.0,191.0,0.03156610245678186,6.906792830749041,0.14659685863874344,0.25339366515837103,0.16666666666666666,0.14659685863874344,0.4,0.21428571428571427,0.0,0.0
40.0,40.0,25.0,320,,0,0,0,0.1,villa_olivia,15.0,70.0,1,illinois,7.0,15.0,15.0,illinois,500,6,1.0,7,0,0,180,53.0,0.0,4,191.0,221.0,6.0,191.0,0.03156610245678186,6.906792830749041,0.07853403141361257,,0.16666666666666666,0.07853403141361257,1.0,0.4666666666666667,0.0,0.0
38.0,45.0,18.0,600,75.0,1,1,0,0.4,paoli_peaks,65.0,80.0,1,indiana,15.0,65.0,65.0,indiana,900,2,2.0,8,0,3,300,41.0,7.0,2,165.0,157.0,4.0,165.0,0.02970788680522722,5.491488193300384,0.3939393939393939,0.47770700636942676,0.5,0.3939393939393939,0.5333333333333333,0.12307692307692308,0.06666666666666667,0.015384615384615385
52.0,52.0,24.0,400,82.0,0,0,0,1.0,perfect_north_slopes,100.0,90.0,2,indiana,23.0,100.0,100.0,indiana,800,6,2.0,11,0,3,400,39.0,0.0,2,165.0,157.0,4.0,165.0,0.02970788680522722,5.491488193300384,0.6060606060606061,0.5222929936305732,0.5,0.6060606060606061,0.4782608695652174,0.11,0.0,0.0
29.0,39.0,30.0,1200,,1,0,0,0.2,mt._crescent_ski_area,50.0,,1,iowa,11.0,50.0,50.0,iowa,1500,0,1.0,2,0,0,300,58.0,10.0,3,140.0,100.0,5.0,140.0,0.0950850535804277,5.3311534839088015,0.35714285714285715,,0.2,0.35714285714285715,0.18181818181818182,0.04,0.0,0.0
40.0,40.0,40.0,800,100.0,0,0,0,1.0,seven_oaks,35.0,100.0,0,iowa,11.0,35.0,35.0,iowa,975,2,2.0,4,0,2,275,22.0,0.0,3,140.0,100.0,5.0,140.0,0.0950850535804277,5.3311534839088015,0.25,1.0,0.4,0.25,0.36363636363636365,0.11428571428571428,0.0,0.0
38.0,46.0,45.0,584,,2,0,0,0.6,sundown_mountain,55.0,,1,iowa,21.0,55.0,55.0,iowa,1059,2,2.0,6,0,1,475,46.0,8.0,3,140.0,100.0,5.0,140.0,0.0950850535804277,5.3311534839088015,0.39285714285714285,,0.4,0.39285714285714285,0.2857142857142857,0.10909090909090909,0.0,0.0
30.0,30.0,,1750,67.0,0,0,0,0.8,big_squaw_mountain_ski_resort,,58.0,0,maine,29.0,,,maine,3200,0,,1,0,1,660,6.0,0.0,9,3216.0,865.0,17.0,388.0,0.6695372456130432,25.438100621820237,,0.07745664739884393,,,0.034482758620689655,,0.0,
33.0,43.0,69.0,150,68.0,1,0,0,1.0,camden_snow_bowl,48.0,70.0,0,maine,26.0,100.0,48.0,maine,1080,1,2.0,3,0,1,850,83.0,10.0,9,3216.0,865.0,17.0,388.0,0.6695372456130432,25.438100621820237,0.03109452736318408,0.07861271676300578,0.11764705882352941,0.12371134020618557,0.11538461538461539,0.03,0.0,0.0
29.0,55.0,50.0,255,87.0,2,0,0,0.3,lost_valley,45.0,104.0,0,maine,22.0,45.0,45.0,maine,495,2,2.0,4,0,0,240,58.0,26.0,9,3216.0,865.0,17.0,388.0,0.6695372456130432,25.438100621820237,0.013992537313432836,0.10057803468208093,0.11764705882352941,0.11597938144329897,0.18181818181818182,0.08888888888888889,0.0,0.0
29.0,49.0,125.0,1050,120.0,2,0,0,0.5,mt._abram_ski_resort,,120.0,0,maine,54.0,640.0,175.0,maine,2250,3,1.0,5,0,0,1150,59.0,20.0,9,3216.0,865.0,17.0,388.0,0.6695372456130432,25.438100621820237,0.19900497512437812,0.13872832369942195,0.058823529411764705,,0.09259259259259259,0.0078125,0.0,0.0
32.0,32.0,90.0,100,102.0,1,0,0,1.9,new_hermon_mountain,45.0,117.0,0,maine,20.0,70.0,70.0,maine,450,2,,3,0,0,350,55.0,0.0,9,3216.0,865.0,17.0,388.0,0.6695372456130432,25.438100621820237,0.021766169154228857,0.11791907514450867,,0.11597938144329897,0.15,0.04285714285714286,0.0,0.0
55.0,75.0,110.0,600,97.0,1,0,0,0.8,shawnee_peak,110.0,103.0,1,maine,43.0,239.0,234.0,maine,1900,2,3.0,6,0,2,1350,81.0,20.0,9,3216.0,865.0,17.0,388.0,0.6695372456130432,25.438100621820237,0.07431592039800995,0.11213872832369942,0.17647058823529413,0.28350515463917525,0.13953488372093023,0.02510460251046025,0.0,0.0
99.0,99.0,200.0,1417,159.0,5,2,0,3.5,sugarloaf,,155.0,3,maine,162.0,1240.0,618.0,maine,4237,2,4.0,13,0,1,2820,68.0,0.0,9,3216.0,865.0,17.0,388.0,0.6695372456130432,25.438100621820237,0.3855721393034826,0.1838150289017341,0.23529411764705882,,0.08024691358024691,0.010483870967741936,0.012345679012345678,0.0016129032258064516
105.0,105.0,167.0,800,165.0,1,4,0,3.0,sunday_river,140.0,169.0,5,maine,135.0,870.0,552.0,maine,3140,1,5.0,15,1,3,2340,60.0,0.0,9,3216.0,865.0,17.0,388.0,0.6695372456130432,25.438100621820237,0.27052238805970147,0.1907514450867052,0.29411764705882354,0.36082474226804123,0.1111111111111111,0.017241379310344827,0.02962962962962963,0.004597701149425287
59.0,79.0,100.0,2415,121.0,0,0,0,1.5,wisp,118.0,120.0,2,maryland,34.0,172.0,118.0,maryland,3115,5,3.0,12,0,5,700,64.0,20.0,1,172.0,121.0,3.0,118.0,0.016540736525916026,8.060615831049493,1.0,1.0,1.0,1.0,0.35294117647058826,0.06976744186046512,0.0,0.0
48.0,68.0,120.0,540,120.0,1,0,0,2.0,berkshire_east,80.0,120.0,2,massachusetts,47.0,180.0,165.0,massachusetts,1720,2,2.0,6,0,1,1180,68.0,20.0,11,1166.0,671.0,18.0,583.0,0.1595936918707181,104.22588592003032,0.15437392795883362,0.17883755588673622,0.1111111111111111,0.137221269296741,0.1276595744680851,0.03333333333333333,0.0,0.0
20.0,45.0,50.0,1035,,3,0,0,0.5,blandford_ski_area,70.0,,0,massachusetts,29.0,132.0,70.0,massachusetts,1685,2,2.0,5,0,0,465,83.0,25.0,11,1166.0,671.0,18.0,583.0,0.1595936918707181,104.22588592003032,0.11320754716981132,,0.1111111111111111,0.12006861063464837,0.1724137931034483,0.03787878787878788,0.0,0.0
40.0,45.0,,326,,1,0,0,,blue_hills_ski_area,,,0,massachusetts,16.0,60.0,60.0,massachusetts,635,3,1.0,4,0,0,309,19.0,5.0,11,1166.0,671.0,18.0,583.0,0.1595936918707181,104.22588592003032,0.051457975986277875,,0.05555555555555555,,0.25,0.06666666666666667,0.0,0.0
25.0,49.0,83.0,1125,,3,0,0,1.0,bousquet_ski_area,100.0,,0,massachusetts,23.0,200.0,98.0,massachusetts,1875,2,1.0,5,0,0,750,19.0,24.0,11,1166.0,671.0,18.0,583.0,0.1595936918707181,104.22588592003032,0.17152658662092624,,0.05555555555555555,0.17152658662092624,0.21739130434782608,0.025,0.0,0.0
37.0,55.0,,1300,,0,0,0,0.3,bradford_ski_area,,,0,massachusetts,15.0,48.0,48.0,massachusetts,1548,8,1.0,10,0,2,248,71.0,18.0,11,1166.0,671.0,18.0,583.0,0.1595936918707181,104.22588592003032,0.0411663807890223,,0.05555555555555555,,0.6666666666666666,0.20833333333333334,0.0,0.0
81.0,81.0,90.0,1230,121.0,1,0,1,2.0,jiminy_peak,104.0,120.0,2,massachusetts,45.0,167.0,163.0,massachusetts,2380,2,3.0,9,0,3,1150,71.0,0.0,11,1166.0,671.0,18.0,583.0,0.1595936918707181,104.22588592003032,0.1432246998284734,0.18032786885245902,0.16666666666666666,0.1783876500857633,0.2,0.05389221556886228,0.0,0.0
48.0,58.0,55.0,200,112.0,1,0,0,0.5,nashoba_valley,52.0,126.0,0,massachusetts,17.0,52.0,52.0,massachusetts,440,7,2.0,11,0,3,240,55.0,10.0,11,1166.0,671.0,18.0,583.0,0.1595936918707181,104.22588592003032,0.044596912521440824,0.16691505216095381,0.1111111111111111,0.08919382504288165,0.6470588235294118,0.21153846153846154,0.0,0.0
20.0,40.0,70.0,1300,106.0,1,0,0,1.0,otis_ridge_ski_area,35.0,106.0,0,massachusetts,11.0,60.0,55.0,massachusetts,1700,3,1.0,4,0,0,400,73.0,20.0,11,1166.0,671.0,18.0,583.0,0.1595936918707181,104.22588592003032,0.051457975986277875,0.15797317436661698,0.05555555555555555,0.060034305317324184,0.36363636363636365,0.06666666666666667,0.0,0.0
25.0,60.0,115.0,800,107.0,1,0,0,1.5,ski_butternut,,110.0,3,massachusetts,22.0,110.0,110.0,massachusetts,1800,6,2.0,11,0,1,1000,56.0,35.0,11,1166.0,671.0,18.0,583.0,0.1595936918707181,104.22588592003032,0.09433962264150944,0.15946348733233978,0.1111111111111111,,0.5,0.1,0.0,0.0
65.0,71.0,100.0,1006,,0,3,0,1.5,wachusett_mountain_ski_area,104.0,120.0,0,massachusetts,27.0,112.0,112.0,massachusetts,2006,4,2.0,8,0,1,1000,57.0,6.0,11,1166.0,671.0,18.0,583.0,0.1595936918707181,104.22588592003032,0.09605488850771869,,0.1111111111111111,0.1783876500857633,0.2962962962962963,0.07142857142857142,0.1111111111111111,0.026785714285714284
39.0,47.0,20.0,126,,5,0,0,0.2,alpine_valley_ski_area,100.0,,1,michigan,25.0,100.0,100.0,michigan,500,6,3.0,14,0,2,240,57.0,8.0,28,4406.0,2389.0,63.0,1946.0,0.28036848830417815,28.951341067477305,0.022696323195642305,,0.047619047619047616,0.051387461459403906,0.56,0.14,0.0,0.0
35.0,35.0,52.0,600,,0,0,0,,apple_mountain,80.0,,1,michigan,12.0,80.0,42.0,michigan,820,5,,6,0,0,220,58.0,0.0,28,4406.0,2389.0,63.0,1946.0,0.28036848830417815,28.951341067477305,0.018157058556513846,,,0.041109969167523124,0.5,0.075,0.0,0.0
69.0,69.0,214.0,1200,100.0,9,0,0,1.0,big_powderhorn_mountain,,108.0,0,michigan,45.0,253.0,228.0,michigan,1800,1,2.0,10,0,0,600,55.0,0.0,28,4406.0,2389.0,63.0,1946.0,0.28036848830417815,28.951341067477305,0.057421697684975036,0.041858518208455424,0.031746031746031744,,0.2222222222222222,0.039525691699604744,0.0,0.0
38.0,48.0,90.0,450,80.0,0,0,0,0.2,bittersweet_ski_area,100.0,,1,michigan,20.0,100.0,100.0,michigan,850,4,2.0,12,0,7,350,36.0,10.0,28,4406.0,2389.0,63.0,1946.0,0.28036848830417815,28.951341067477305,0.022696323195642305,0.033486814566764334,0.031746031746031744,0.051387461459403906,0.6,0.12,0.0,0.0
49.0,65.0,210.0,385,95.0,4,0,0,1.0,big_snow_resort_-_blackjack,,115.0,0,michigan,26.0,170.0,86.0,michigan,850,2,2.0,6,0,0,465,42.0,16.0,28,4406.0,2389.0,63.0,1946.0,0.28036848830417815,28.951341067477305,0.03858374943259192,0.03976559229803265,0.031746031746031744,,0.23076923076923078,0.03529411764705882,0.0,0.0
78.0,98.0,140.0,745,97.0,0,1,0,1.2,boyne_highlands,150.0,120.0,3,michigan,55.0,435.0,400.0,michigan,1290,2,4.0,10,0,4,552,56.0,20.0,28,4406.0,2389.0,63.0,1946.0,0.28036848830417815,28.951341067477305,0.09872900590104403,0.04060276266220176,0.06349206349206349,0.07708119218910586,0.18181818181818182,0.022988505747126436,0.01818181818181818,0.0022988505747126436
39.0,49.0,140.0,1060,118.0,1,0,0,1.2,caberfae_peaks,150.0,130.0,1,michigan,34.0,200.0,200.0,michigan,1569,1,2.0,5,0,2,485,82.0,10.0,28,4406.0,2389.0,63.0,1946.0,0.28036848830417815,28.951341067477305,0.04539264639128461,0.0493930514859774,0.031746031746031744,0.07708119218910586,0.14705882352941177,0.025,0.0,0.0
30.0,37.0,100.0,850,100.0,1,0,0,0.1,cannonsburg,,100.0,1,michigan,21.0,100.0,,michigan,1100,7,5.0,10,0,1,250,54.0,7.0,28,4406.0,2389.0,63.0,1946.0,0.28036848830417815,28.951341067477305,0.022696323195642305,0.041858518208455424,0.07936507936507936,,0.47619047619047616,0.1,0.0,0.0
54.0,64.0,132.0,757,120.0,0,1,0,0.3,crystal_mountain,56.0,135.0,3,michigan,58.0,102.0,96.0,michigan,1132,2,3.0,8,0,2,375,63.0,10.0,28,4406.0,2389.0,63.0,1946.0,0.28036848830417815,28.951341067477305,0.02315024965955515,0.05023022185014651,0.047619047619047616,0.02877697841726619,0.13793103448275862,0.0784313725490196,0.017241379310344827,0.00980392156862745
49.0,49.0,204.0,1297,120.0,5,0,0,1.0,big_snow_resort_-_indianhead_mountain,,120.0,1,michigan,32.0,240.0,150.0,michigan,1935,2,2.0,9,0,1,638,60.0,0.0,28,4406.0,2389.0,63.0,1946.0,0.28036848830417815,28.951341067477305,0.05447117566954154,0.05023022185014651,0.031746031746031744,,0.28125,0.0375,0.0,0.0
49.0,49.0,275.0,700,114.0,2,0,0,0.8,mont_ripley,100.0,100.0,0,michigan,25.0,112.0,112.0,michigan,1140,2,2.0,4,0,0,440,83.0,0.0,28,4406.0,2389.0,63.0,1946.0,0.28036848830417815,28.951341067477305,0.02541988197911938,0.04771871075763918,0.031746031746031744,0.051387461459403906,0.16,0.03571428571428571,0.0,0.0
68.0,68.0,273.0,600,83.0,1,0,0,2.3,mount_bohemia,,100.0,0,michigan,,585.0,,michigan,1500,0,,2,0,1,900,19.0,0.0,28,4406.0,2389.0,63.0,1946.0,0.28036848830417815,28.951341067477305,0.1327734906945075,0.034742570113018,,,,0.003418803418803419,,0.0
52.0,59.0,60.0,1100,111.0,0,0,0,0.1,mt._brighton,130.0,100.0,2,michigan,25.0,130.0,130.0,michigan,1330,8,5.0,13,0,3,230,59.0,7.0,28,4406.0,2389.0,63.0,1946.0,0.28036848830417815,28.951341067477305,0.029505220154335,0.046462955211385513,0.07936507936507936,0.06680369989722508,0.52,0.1,0.0,0.0
22.0,34.0,120.0,240,100.0,2,0,0,0.1,mt._holiday_ski_area,45.0,90.0,0,michigan,12.0,45.0,45.0,michigan,440,2,,4,0,0,200,70.0,12.0,28,4406.0,2389.0,63.0,1946.0,0.28036848830417815,28.951341067477305,0.010213345438039038,0.041858518208455424,,0.023124357656731757,0.3333333333333333,0.08888888888888889,0.0,0.0
37.0,45.0,42.0,755,,1,1,0,0.1,mount_holly,100.0,102.0,2,michigan,19.0,100.0,100.0,michigan,1105,6,,13,0,3,350,63.0,8.0,28,4406.0,2389.0,63.0,1946.0,0.28036848830417815,28.951341067477305,0.022696323195642305,,,0.051387461459403906,0.6842105263157895,0.13,0.05263157894736842,0.01
15.0,20.0,60.0,570,,0,0,0,0.2,mulligan's_hollow_ski_bowl,10.0,,0,michigan,6.0,10.0,10.0,michigan,700,5,,5,0,0,130,19.0,5.0,28,4406.0,2389.0,63.0,1946.0,0.28036848830417815,28.951341067477305,0.0022696323195642307,,,0.0051387461459403904,0.8333333333333334,0.5,0.0,0.0
65.0,85.0,135.0,911,133.0,2,0,0,0.9,nubs_nob_ski_area,160.0,130.0,3,michigan,53.0,248.0,248.0,michigan,1338,1,3.0,10,0,4,427,61.0,20.0,28,4406.0,2389.0,63.0,1946.0,0.28036848830417815,28.951341067477305,0.05628688152519292,0.05567182921724571,0.047619047619047616,0.08221993833504625,0.18867924528301888,0.04032258064516129,0.0,0.0
58.0,78.0,160.0,675,94.0,0,0,0,1.0,schuss_mountain_at_shanty_creek,70.0,111.0,5,michigan,42.0,70.0,70.0,michigan,1125,3,3.0,8,0,0,450,57.0,20.0,28,4406.0,2389.0,63.0,1946.0,0.28036848830417815,28.951341067477305,0.015887426236949616,0.039347007115948095,0.047619047619047616,0.03597122302158273,0.19047619047619047,0.11428571428571428,0.0,0.0
49.0,49.0,150.0,1360,164.0,5,0,0,1.0,ski_brule,40.0,165.0,0,michigan,17.0,150.0,150.0,michigan,1860,7,3.0,12,0,0,500,62.0,0.0,28,4406.0,2389.0,63.0,1946.0,0.28036848830417815,28.951341067477305,0.03404448479346346,0.06864796986186689,0.047619047619047616,0.020554984583761562,0.7058823529411765,0.08,0.0,0.0
30.0,35.0,,1020,,0,0,0,0.0,snow_snake_mountain_ski_area,40.0,,0,michigan,12.0,40.0,40.0,michigan,1230,5,2.0,6,0,1,210,72.0,5.0,28,4406.0,2389.0,63.0,1946.0,0.28036848830417815,28.951341067477305,0.009078529278256923,,0.031746031746031744,0.020554984583761562,0.5,0.15,0.0,0.0
32.0,42.0,60.0,975,89.0,0,0,0,0.1,swiss_valley,60.0,80.0,2,michigan,11.0,60.0,60.0,michigan,1200,4,2.0,7,0,1,225,51.0,10.0,28,4406.0,2389.0,63.0,1946.0,0.28036848830417815,28.951341067477305,0.013617793917385384,0.03725408120552533,0.031746031746031744,0.030832476875642344,0.6363636363636364,0.11666666666666667,0.0,0.0
50.0,50.0,150.0,580,47.0,1,0,0,0.2,the_homestead,16.0,42.0,0,michigan,15.0,16.0,16.0,michigan,900,2,1.0,5,0,2,320,34.0,0.0,28,4406.0,2389.0,63.0,1946.0,0.28036848830417815,28.951341067477305,0.003631411711302769,0.019673503557974047,0.015873015873015872,0.008221993833504625,0.3333333333333333,0.3125,0.0,0.0
35.0,45.0,,600,80.0,2,0,0,0.3,timber_ridge,50.0,,1,michigan,16.0,50.0,50.0,michigan,850,4,2.0,8,0,1,250,58.0,10.0,28,4406.0,2389.0,63.0,1946.0,0.28036848830417815,28.951341067477305,0.011348161597821153,0.033486814566764334,0.031746031746031744,0.025693730729701953,0.5,0.16,0.0,0.0
55.0,60.0,60.0,1180,135.0,14,0,0,0.5,afton_alps,250.0,135.0,1,minnesota,48.0,250.0,250.0,minnesota,1530,4,5.0,22,0,3,350,56.0,5.0,14,1560.0,1490.0,29.0,1020.0,0.24824314777985515,16.103800496917273,0.16025641025641027,0.09060402684563758,0.1724137931034483,0.24509803921568626,0.4583333333333333,0.088,0.0,0.0
45.0,45.0,55.0,1330,100.0,0,0,0,0.2,andes_tower_hills_ski_area,35.0,110.0,1,minnesota,15.0,35.0,35.0,minnesota,1620,3,2.0,6,0,2,290,38.0,0.0,14,1560.0,1490.0,29.0,1020.0,0.24824314777985515,16.103800496917273,0.022435897435897436,0.06711409395973154,0.06896551724137931,0.03431372549019608,0.4,0.17142857142857143,0.0,0.0
34.0,47.0,60.0,919,115.0,0,0,0,0.2,buck_hill,45.0,112.0,2,minnesota,16.0,45.0,45.0,minnesota,1225,5,,8,0,1,309,65.0,13.0,14,1560.0,1490.0,29.0,1020.0,0.24824314777985515,16.103800496917273,0.028846153846153848,0.07718120805369127,,0.04411764705882353,0.5,0.17777777777777778,0.0,0.0
44.0,44.0,78.0,1280,57.0,2,0,0,0.3,buena_vista_ski_area,30.0,60.0,0,minnesota,17.0,30.0,30.0,minnesota,1510,2,,6,0,2,230,70.0,0.0,14,1560.0,1490.0,29.0,1020.0,0.24824314777985515,16.103800496917273,0.019230769230769232,0.03825503355704698,,0.029411764705882353,0.35294117647058826,0.2,0.0,0.0
23.0,37.0,48.0,725,57.0,2,0,0,1.0,coffee_mill_ski_&_snowboard_resort,35.0,56.0,0,minnesota,14.0,40.0,35.0,minnesota,1150,1,1.0,3,0,0,425,39.0,14.0,14,1560.0,1490.0,29.0,1020.0,0.24824314777985515,16.103800496917273,0.02564102564102564,0.03825503355704698,0.034482758620689655,0.03431372549019608,0.21428571428571427,0.075,0.0,0.0
17.0,17.0,45.0,868,105.0,0,0,0,1.0,elm_creek_winter_recreation_area,15.0,102.0,0,minnesota,3.0,15.0,20.0,minnesota,928,3,,3,0,0,60,13.0,0.0,14,1560.0,1490.0,29.0,1020.0,0.24824314777985515,16.103800496917273,0.009615384615384616,0.07046979865771812,,0.014705882352941176,1.0,0.2,0.0,0.0
49.0,58.0,85.0,1472,120.0,2,1,0,0.8,giants_ridge_resort,121.0,125.0,1,minnesota,35.0,202.0,202.0,minnesota,1972,2,2.0,7,0,1,500,35.0,9.0,14,1560.0,1490.0,29.0,1020.0,0.24824314777985515,16.103800496917273,0.1294871794871795,0.08053691275167785,0.06896551724137931,0.11862745098039215,0.2,0.034653465346534656,0.02857142857142857,0.0049504950495049506
35.34,35.34,55.0,900,110.0,0,0,0,1.0,hyland_ski_&_snowboard_area,35.0,115.0,2,minnesota,14.0,35.0,35.0,minnesota,1075,5,1.0,8,0,1,175,61.0,0.0,14,1560.0,1490.0,29.0,1020.0,0.24824314777985515,16.103800496917273,0.022435897435897436,0.0738255033557047,0.034482758620689655,0.03431372549019608,0.5714285714285714,0.22857142857142856,0.0,0.0
84.0,84.0,120.0,800,135.0,4,0,1,2.0,lutsen_mountains,,127.0,0,minnesota,62.0,393.0,231.0,minnesota,1688,1,2.0,8,1,1,825,71.0,0.0,14,1560.0,1490.0,29.0,1020.0,0.24824314777985515,16.103800496917273,0.2519230769230769,0.09060402684563758,0.06896551724137931,,0.12903225806451613,0.020356234096692113,0.0,0.0
34.0,46.0,50.0,300,115.0,3,0,0,1.0,mount_kato_ski_area,50.0,120.0,5,minnesota,19.0,55.0,55.0,minnesota,540,2,4.0,10,0,0,240,43.0,12.0,14,1560.0,1490.0,29.0,1020.0,0.24824314777985515,16.103800496917273,0.035256410256410256,0.07718120805369127,0.13793103448275862,0.049019607843137254,0.5263157894736842,0.18181818181818182,0.0,0.0
36.0,48.0,45.0,500,97.0,2,0,0,,powder_ridge_ski_area,60.0,113.0,1,minnesota,15.0,60.0,60.0,minnesota,790,3,4.0,6,0,0,300,58.0,12.0,14,1560.0,1490.0,29.0,1020.0,0.24824314777985515,16.103800496917273,0.038461538461538464,0.06510067114093959,0.13793103448275862,0.058823529411764705,0.4,0.1,0.0,0.0
59.0,59.0,100.0,620,100.0,1,1,0,1.0,spirit_mountain,144.0,125.0,1,minnesota,22.0,175.0,175.0,minnesota,1320,2,3.0,7,0,2,700,45.0,0.0,14,1560.0,1490.0,29.0,1020.0,0.24824314777985515,16.103800496917273,0.11217948717948718,0.06711409395973154,0.10344827586206896,0.1411764705882353,0.3181818181818182,0.04,0.045454545454545456,0.005714285714285714
54.0,60.0,45.0,700,114.0,4,0,0,0.8,welch_village,100.0,122.0,3,minnesota,50.0,125.0,125.0,minnesota,1060,2,1.0,10,0,1,360,54.0,6.0,14,1560.0,1490.0,29.0,1020.0,0.24824314777985515,16.103800496917273,0.08012820512820513,0.07651006711409396,0.034482758620689655,0.09803921568627451,0.2,0.08,0.0,0.0
55.0,55.0,50.0,813,130.0,0,0,0,0.9,wild_mountain_ski_&_snowboard_area,100.0,140.0,4,minnesota,26.0,100.0,100.0,minnesota,1113,4,4.0,8,0,0,300,47.0,0.0,14,1560.0,1490.0,29.0,1020.0,0.24824314777985515,16.103800496917273,0.0641025641025641,0.087248322147651,0.13793103448275862,0.09803921568627451,0.3076923076923077,0.08,0.0,0.0
49.0,49.0,26.0,2316,,0,0,0,0.1,hidden_valley_ski_area,17.0,,2,missouri,17.0,30.0,30.0,missouri,2566,3,,7,0,2,310,37.0,0.0,2,60.0,69.0,2.0,47.0,0.03258694032744661,2.8691523089503206,0.5,,,0.3617021276595745,0.4117647058823529,0.23333333333333334,0.0,0.0
37.0,47.0,20.0,800,69.0,1,0,0,0.3,snow_creek,30.0,85.0,0,missouri,14.0,30.0,30.0,missouri,1100,2,2.0,5,0,2,300,33.0,10.0,2,60.0,69.0,2.0,47.0,0.03258694032744661,2.8691523089503206,0.5,1.0,1.0,0.6382978723404256,0.35714285714285715,0.16666666666666666,0.0,0.0
42.0,42.0,250.0,5236,,2,0,0,0.7,blacktail_mountain_ski_area,,,0,montana,27.0,1000.0,,montana,6676,1,,4,0,1,1440,21.0,0.0,12,21410.0,951.0,27.0,710.0,1.1227776020838753,8.161044613710555,0.046707146193367584,,,,0.14814814814814814,0.004,0.0,0.0
63.0,63.0,350.0,6100,122.0,1,0,0,1.5,bridger_bowl,,133.0,1,montana,105.0,2000.0,100.0,montana,8700,3,2.0,11,0,6,2600,64.0,0.0,12,21410.0,951.0,27.0,710.0,1.1227776020838753,8.161044613710555,0.09341429238673517,0.12828601472134596,0.07407407407407407,,0.10476190476190476,0.0055,0.0,0.0
49.0,49.0,225.0,5770,116.0,2,0,0,1.5,discovery_ski_area,,116.0,0,montana,74.0,2400.0,25.0,montana,8150,1,1.0,8,0,5,2380,46.0,0.0,12,21410.0,951.0,27.0,710.0,1.1227776020838753,8.161044613710555,0.1120971508640822,0.12197686645636173,0.037037037037037035,,0.10810810810810811,0.0033333333333333335,0.0,0.0
48.0,48.0,180.0,5750,94.0,5,0,0,3.0,great_divide,100.0,100.0,0,montana,110.0,1600.0,150.0,montana,7330,1,6.0,6,0,0,1580,78.0,0.0,12,21410.0,951.0,27.0,710.0,1.1227776020838753,8.161044613710555,0.07473143390938813,0.09884332281808622,0.2222222222222222,0.14084507042253522,0.05454545454545454,0.00375,0.0,0.0
46.0,46.0,325.0,6400,84.0,5,0,0,2.5,lost_trail_-_powder_mtn,,80.0,0,montana,69.0,1800.0,,montana,8200,3,2.0,8,0,0,1800,81.0,0.0,12,21410.0,951.0,27.0,710.0,1.1227776020838753,8.161044613710555,0.08407286314806166,0.08832807570977919,0.07407407407407407,,0.11594202898550725,0.0044444444444444444,0.0,0.0
39.0,39.0,160.0,6500,,1,0,0,1.3,maverick_mountain,,,0,montana,22.0,255.0,,montana,8520,1,,2,0,0,2020,83.0,0.0,12,21410.0,951.0,27.0,710.0,1.1227776020838753,8.161044613710555,0.011910322279308735,,,,0.09090909090909091,0.00784313725490196,0.0,0.0
50.0,50.0,300.0,5000,,2,0,0,1.2,montana_snowbowl,10.0,,0,montana,37.0,950.0,20.0,montana,7600,2,,4,0,0,2600,58.0,0.0,12,21410.0,951.0,27.0,710.0,1.1227776020838753,8.161044613710555,0.044371788883699206,,,0.014084507042253521,0.10810810810810811,0.004210526315789474,0.0,0.0
67.0,67.0,250.0,7016,142.0,3,2,0,2.5,red_lodge_mountain,,136.0,0,montana,70.0,1635.0,496.0,montana,9416,1,2.0,7,0,1,2400,59.0,0.0,12,21410.0,951.0,27.0,710.0,1.1227776020838753,8.161044613710555,0.076366184026156,0.14931650893796003,0.07407407407407407,,0.1,0.004281345565749235,0.02857142857142857,0.0012232415902140672
47.0,47.0,250.0,6800,86.0,2,0,0,1.8,showdown_montana,,85.0,0,montana,36.0,640.0,,montana,8200,1,1.0,4,0,1,1400,83.0,0.0,12,21410.0,951.0,27.0,710.0,1.1227776020838753,8.161044613710555,0.029892573563755253,0.0904311251314406,0.037037037037037035,,0.1111111111111111,0.00625,0.0,0.0
39.0,39.0,250.0,6190,40.0,1,0,0,3.0,teton_pass_ski_resort,,150.0,0,montana,43.0,330.0,,montana,7200,2,1.0,3,0,0,1010,54.0,0.0,12,21410.0,951.0,27.0,710.0,1.1227776020838753,8.161044613710555,0.015413358243811303,0.04206098843322818,0.037037037037037035,,0.06976744186046512,0.00909090909090909,0.0,0.0
81.0,81.0,333.0,4464,123.0,0,3,0,3.3,big_mountain_resort,600.0,123.0,2,montana,105.0,3000.0,600.0,montana,6817,3,4.0,14,0,6,2353,72.0,0.0,12,21410.0,951.0,27.0,710.0,1.1227776020838753,8.161044613710555,0.14012143858010276,0.12933753943217666,0.14814814814814814,0.8450704225352113,0.13333333333333333,0.004666666666666667,0.02857142857142857,0.001
89.0,99.0,300.0,6700,100.0,3,1,0,2.5,diamond_peak,,122.0,2,sierra_nevada,30.0,655.0,492.0,nevada,8540,1,3.0,7,0,0,1840,53.0,10.0,4,2110.0,415.0,9.0,0.0,0.12986355236552954,3.61755236407047,0.3104265402843602,0.24096385542168675,0.3333333333333333,,0.23333333333333334,0.010687022900763359,0.03333333333333333,0.0015267175572519084
20.0,20.0,24.0,6300,19.0,1,0,0,1.0,elko_snobowl,,30.0,0,nevada,10.0,60.0,2.0,nevada,7000,1,,2,0,0,700,23.0,0.0,4,2110.0,415.0,9.0,0.0,0.12986355236552954,3.61755236407047,0.02843601895734597,0.04578313253012048,,,0.2,0.03333333333333333,0.0,0.0
70.0,70.0,161.0,8510,144.0,0,0,0,0.3,lee_canyon,,150.0,2,nevada,24.0,195.0,50.0,nevada,11289,0,1.0,3,0,1,860,56.0,0.0,4,2110.0,415.0,9.0,0.0,0.12986355236552954,3.61755236407047,0.0924170616113744,0.3469879518072289,0.1111111111111111,,0.125,0.015384615384615385,0.0,0.0
135.0,135.0,350.0,8260,152.0,0,0,2,2.5,mt._rose_-_ski_tahoe,,150.0,2,sierra_nevada,65.0,1200.0,330.0,nevada,9700,2,5.0,8,0,2,1800,55.0,0.0,4,2110.0,415.0,9.0,0.0,0.12986355236552954,3.61755236407047,0.5687203791469194,0.36626506024096384,0.5555555555555556,,0.12307692307692308,0.006666666666666667,0.0,0.0
79.0,89.0,120.0,600,115.0,2,2,0,3.0,attitash,,130.0,1,new_hampshire,68.0,311.0,240.0,new_hampshire,2350,1,3.0,9,0,3,1750,54.0,10.0,16,3427.0,1847.0,43.0,376.0,1.1767206413715856,171.14129853460264,0.09074992704989787,0.062263129399025445,0.06976744186046512,,0.1323529411764706,0.028938906752411574,0.029411764705882353,0.006430868167202572
45.0,59.0,125.0,1250,110.0,1,0,0,1.6,black_mountain,,107.0,0,new_hampshire,45.0,143.0,120.0,new_hampshire,2350,3,,5,0,1,1100,84.0,14.0,16,3427.0,1847.0,43.0,376.0,1.1767206413715856,171.14129853460264,0.04172745841844178,0.05955603681645912,,,0.1111111111111111,0.03496503496503497,0.0,0.0
85.0,99.0,200.0,1600,180.0,0,4,0,2.0,bretton_woods,45.0,180.0,1,new_hampshire,63.0,464.0,427.0,new_hampshire,3100,3,2.0,9,0,1,1500,46.0,14.0,16,3427.0,1847.0,43.0,376.0,1.1767206413715856,171.14129853460264,0.13539538955354538,0.09745533297238766,0.046511627906976744,0.1196808510638298,0.14285714285714285,0.01939655172413793,0.06349206349206349,0.008620689655172414
79.0,79.0,160.0,1900,124.0,1,1,0,2.3,cannon_mountain,,143.0,2,new_hampshire,97.0,285.0,192.0,new_hampshire,4080,3,3.0,11,1,3,2180,81.0,0.0,16,3427.0,1847.0,43.0,376.0,1.1767206413715856,171.14129853460264,0.083163116428363,0.06713589604764483,0.06976744186046512,,0.1134020618556701,0.03859649122807018,0.010309278350515464,0.0035087719298245615
55.0,69.0,105.0,1050,105.0,1,1,0,1.2,crotched_mountain,100.0,100.0,1,new_hampshire,25.0,100.0,100.0,new_hampshire,2066,1,3.0,5,0,1,1016,16.0,14.0,16,3427.0,1847.0,43.0,376.0,1.1767206413715856,171.14129853460264,0.029180040852057193,0.0568489442338928,0.06976744186046512,0.26595744680851063,0.2,0.05,0.04,0.01
50.0,50.0,100.0,974,104.0,1,0,0,1.1,dartmouth_skiway,,105.0,1,new_hampshire,28.0,107.0,54.0,new_hampshire,1943,2,1.0,4,0,0,969,63.0,0.0,16,3427.0,1847.0,43.0,376.0,1.1767206413715856,171.14129853460264,0.031222643711701196,0.056307525717379535,0.023255813953488372,,0.14285714285714285,0.037383177570093455,0.0,0.0
80.0,92.0,120.0,900,106.0,0,1,0,1.5,gunstock,60.0,,2,new_hampshire,55.0,227.0,176.0,new_hampshire,2300,1,4.0,6,0,2,1400,82.0,12.0,16,3427.0,1847.0,43.0,376.0,1.1767206413715856,171.14129853460264,0.06623869273416982,0.057390362750406064,0.09302325581395349,0.1595744680851064,0.10909090909090909,0.02643171806167401,0.01818181818181818,0.004405286343612335
42.0,58.0,120.0,500,105.0,0,0,0,0.3,king_pine,23.0,107.0,0,new_hampshire,17.0,48.0,45.0,new_hampshire,850,3,2.0,6,0,3,350,57.0,16.0,16,3427.0,1847.0,43.0,376.0,1.1767206413715856,171.14129853460264,0.014006419608987453,0.0568489442338928,0.046511627906976744,0.061170212765957445,0.35294117647058826,0.125,0.0,0.0
83.0,93.0,100.0,1233,130.0,1,2,0,0.8,mount_sunapee,,136.0,1,new_hampshire,66.0,232.0,215.0,new_hampshire,2743,4,4.0,10,0,2,1510,71.0,10.0,16,3427.0,1847.0,43.0,376.0,1.1767206413715856,171.14129853460264,0.06769769477677269,0.07038440714672442,0.09302325581395349,,0.15151515151515152,0.04310344827586207,0.030303030303030304,0.008620689655172414
58.0,72.0,100.0,690,109.0,2,0,0,1.5,pats_peak,93.0,112.0,0,new_hampshire,28.0,115.0,115.0,new_hampshire,1460,5,3.0,11,0,4,770,56.0,14.0,16,3427.0,1847.0,43.0,376.0,1.1767206413715856,171.14129853460264,0.03355704697986577,0.05901461829994586,0.06976744186046512,0.2473404255319149,0.39285714285714285,0.09565217391304348,0.0,0.0
74.0,84.0,100.0,1000,,0,1,1,0.7,ragged_mountain_resort,,140.0,0,new_hampshire,57.0,250.0,200.0,new_hampshire,2250,3,3.0,6,0,1,1250,54.0,10.0,16,3427.0,1847.0,43.0,376.0,1.1767206413715856,171.14129853460264,0.07295010213014298,,0.06976744186046512,,0.10526315789473684,0.024,0.017543859649122806,0.004
79.0,93.0,148.0,1984,142.0,3,2,0,1.9,waterville_valley,,142.0,0,new_hampshire,62.0,265.0,220.0,new_hampshire,4004,4,4.0,11,0,2,2020,54.0,14.0,16,3427.0,1847.0,43.0,376.0,1.1767206413715856,171.14129853460264,0.07732710825795155,0.0768814293448836,0.09302325581395349,,0.1774193548387097,0.04150943396226415,0.03225806451612903,0.007547169811320755
30.0,45.0,110.0,1100,105.0,1,0,0,1.0,whaleback_mountain,55.0,105.0,0,new_hampshire,30.0,85.0,60.0,new_hampshire,1800,3,1.0,4,0,0,700,64.0,15.0,16,3427.0,1847.0,43.0,376.0,1.1767206413715856,171.14129853460264,0.024803034724248614,0.0568489442338928,0.023255813953488372,0.14627659574468085,0.13333333333333333,0.047058823529411764,0.0,0.0
79.0,89.0,200.0,1950,156.0,0,1,0,2.8,wildcat_mountain,,150.0,0,new_hampshire,48.0,225.0,200.0,new_hampshire,4062,1,,5,0,3,2112,61.0,10.0,16,3427.0,1847.0,43.0,376.0,1.1767206413715856,171.14129853460264,0.06565509191712868,0.0844612885760693,,,0.10416666666666667,0.022222222222222223,0.020833333333333332,0.0044444444444444444
79.99,79.99,65.0,440,90.0,1,2,0,2.0,mountain_creek_resort,167.0,100.0,2,new_jersey,46.0,167.0,167.0,new_jersey,1480,3,3.0,10,1,1,1040,54.0,0.0,2,190.0,170.0,4.0,181.0,0.022516969351027167,22.927891780350798,0.8789473684210526,0.5294117647058824,0.75,0.9226519337016574,0.21739130434782608,0.059880239520958084,0.043478260869565216,0.011976047904191617
77.0,77.0,210.0,8600,101.0,3,2,0,3.0,angel_fire_resort,50.0,101.0,0,new_mexico,81.0,560.0,230.0,new_mexico,10677,2,3.0,7,0,0,2077,53.0,0.0,9,5223.0,966.0,18.0,50.0,0.4292195500920676,7.401924500370097,0.10721807390388666,0.10455486542443064,0.16666666666666666,1.0,0.08641975308641975,0.0125,0.024691358024691357,0.0035714285714285713
20.0,20.0,240.0,9820,130.0,0,0,0,2.5,enchanted_forest_ski_area,,140.0,0,new_mexico,33.0,600.0,,new_mexico,10078,0,,0,0,0,400,34.0,0.0,9,5223.0,966.0,18.0,50.0,0.4292195500920676,7.401924500370097,0.11487650775416428,0.13457556935817805,,,0.0,0.0,0.0,0.0
49.0,49.0,163.0,9031,89.0,3,0,0,0.6,pajarito_mountain_ski_area,,117.0,1,new_mexico,45.0,750.0,35.0,new_mexico,10441,1,2.0,6,0,1,1410,62.0,0.0,9,5223.0,966.0,18.0,50.0,0.4292195500920676,7.401924500370097,0.14359563469270534,0.09213250517598344,0.1111111111111111,,0.13333333333333333,0.008,0.0,0.0
79.0,79.0,214.0,8750,110.0,1,0,0,2.5,red_river,,,1,new_mexico,63.0,209.0,,new_mexico,10350,2,3.0,7,0,3,1600,60.0,0.0,9,5223.0,966.0,18.0,50.0,0.4292195500920676,7.401924500370097,0.04001531686770055,0.11387163561076605,0.16666666666666666,,0.1111111111111111,0.03349282296650718,0.0,0.0
55.0,55.0,100.0,8678,32.0,4,0,0,2.0,sandia_peak,,38.0,0,new_mexico,39.0,200.0,30.0,new_mexico,10378,1,1.0,5,0,0,1700,82.0,0.0,9,5223.0,966.0,18.0,50.0,0.4292195500920676,7.401924500370097,0.03829216925138809,0.033126293995859216,0.05555555555555555,,0.1282051282051282,0.025,0.0,0.0
47.0,47.0,190.0,8200,127.0,0,0,0,0.5,sipapu_ski_resort,,143.0,1,new_mexico,42.0,200.0,140.0,new_mexico,9255,3,4.0,6,0,2,1055,67.0,0.0,9,5223.0,966.0,18.0,50.0,0.4292195500920676,7.401924500370097,0.03829216925138809,0.13146997929606624,0.2222222222222222,,0.14285714285714285,0.03,0.0,0.0
74.0,74.0,185.0,9600,133.0,0,0,0,2.0,ski_apache,,124.0,2,new_mexico,55.0,750.0,270.0,new_mexico,11500,2,3.0,11,1,6,1900,58.0,0.0,9,5223.0,966.0,18.0,50.0,0.4292195500920676,7.401924500370097,0.14359563469270534,0.13768115942028986,0.16666666666666666,,0.2,0.014666666666666666,0.0,0.0
80.0,80.0,225.0,10350,107.0,2,0,0,3.0,ski_santa_fe,,130.0,1,new_mexico,83.0,660.0,275.0,new_mexico,12075,2,1.0,7,0,2,1725,73.0,0.0,9,5223.0,966.0,18.0,50.0,0.4292195500920676,7.401924500370097,0.1263641585295807,0.11076604554865424,0.05555555555555555,,0.08433734939759036,0.010606060606060607,0.0,0.0
110.0,110.0,300.0,9200,137.0,1,1,0,5.0,taos_ski_valley,,136.0,3,new_mexico,111.0,1294.0,647.0,new_mexico,12481,4,1.0,14,1,4,3281,64.0,0.0,9,5223.0,966.0,18.0,50.0,0.4292195500920676,7.401924500370097,0.24775033505648095,0.14182194616977226,0.05555555555555555,,0.12612612612612611,0.010819165378670788,0.009009009009009009,0.0007727975270479134
60.0,72.0,130.0,2025,154.0,2,1,0,2.2,belleayre,,150.0,1,new_york,50.0,175.0,168.0,new_york,3429,2,2.0,8,1,1,1404,70.0,12.0,33,5514.0,2384.0,72.0,2836.0,0.16963475221837276,60.48941435248832,0.03173739571998549,0.06459731543624161,0.027777777777777776,,0.16,0.045714285714285714,0.02,0.005714285714285714
32.0,32.0,110.0,600,,0,0,0,0.1,brantling_ski_slopes,,,0,new_york,10.0,20.0,16.0,new_york,850,5,,5,0,0,250,19.0,0.0,33,5514.0,2384.0,72.0,2836.0,0.16963475221837276,60.48941435248832,0.003627130939426913,,,,0.5,0.25,0.0,0.0
65.0,76.0,60.0,1000,129.0,1,2,0,2.0,bristol_mountain,154.0,129.0,1,new_york,34.0,160.0,148.0,new_york,2200,1,3.0,6,0,1,1200,55.0,11.0,33,5514.0,2384.0,72.0,2836.0,0.16963475221837276,60.48941435248832,0.029017047515415305,0.054110738255033555,0.041666666666666664,0.054301833568406205,0.17647058823529413,0.0375,0.058823529411764705,0.0125
35.0,50.0,,2025,,2,0,0,,buffalo_ski_club_ski_area,100.0,,0,new_york,43.0,225.0,150.0,new_york,3429,4,1.0,6,0,0,500,12.0,15.0,33,5514.0,2384.0,72.0,2836.0,0.16963475221837276,60.48941435248832,0.040805223068552776,,0.013888888888888888,0.03526093088857546,0.13953488372093023,0.02666666666666667,0.0,0.0
38.0,69.0,108.0,1000,100.0,2,0,0,2.0,catamount,55.0,90.0,1,new_york,36.0,133.0,130.0,new_york,2000,3,5.0,7,0,1,1000,80.0,31.0,33,5514.0,2384.0,72.0,2836.0,0.16963475221837276,60.48941435248832,0.024120420747188974,0.04194630872483222,0.06944444444444445,0.019393511988716503,0.19444444444444445,0.05263157894736842,0.0,0.0
80.0,88.0,150.0,998,142.0,2,2,0,4.5,gore_mountain,15.0,,2,new_york,110.0,439.0,338.0,new_york,3600,4,7.0,14,1,3,2537,55.0,8.0,33,5514.0,2384.0,72.0,2836.0,0.16963475221837276,60.48941435248832,0.07961552412042075,0.05956375838926174,0.09722222222222222,0.005289139633286318,0.12727272727272726,0.03189066059225513,0.01818181818181818,0.004555808656036446
49.0,63.2,122.0,1148,110.0,4,0,0,1.5,greek_peak,175.0,113.0,1,new_york,56.0,220.0,184.0,new_york,2100,2,4.0,8,0,1,952,62.0,14.200000000000005,33,5514.0,2384.0,72.0,2836.0,0.16963475221837276,60.48941435248832,0.03989844033369604,0.04614093959731544,0.05555555555555555,0.06170662905500705,0.14285714285714285,0.03636363636363636,0.0,0.0
27.0,42.0,50.0,1150,75.0,1,0,0,0.4,holiday_mountain,37.0,85.0,1,new_york,9.0,37.0,37.0,new_york,1550,2,,4,0,0,400,60.0,15.0,33,5514.0,2384.0,72.0,2836.0,0.16963475221837276,60.48941435248832,0.00671019223793979,0.031459731543624164,,0.01304654442877292,0.4444444444444444,0.10810810810810811,0.0,0.0
65.0,78.0,180.0,1500,116.0,0,3,0,1.0,holiday_valley,189.0,129.0,8,new_york,60.0,290.0,266.0,new_york,2250,2,5.0,13,0,0,750,62.0,13.0,33,5514.0,2384.0,72.0,2836.0,0.16963475221837276,60.48941435248832,0.05259339862169024,0.04865771812080537,0.06944444444444445,0.06664315937940761,0.21666666666666667,0.04482758620689655,0.05,0.010344827586206896
62.0,75.0,180.0,1560,110.0,3,1,0,1.5,holimont_ski_area,,119.0,1,new_york,53.0,135.0,135.0,new_york,2260,1,3.0,8,0,2,700,57.0,13.0,33,5514.0,2384.0,72.0,2836.0,0.16963475221837276,60.48941435248832,0.024483133841131665,0.04614093959731544,0.041666666666666664,,0.1509433962264151,0.05925925925925926,0.018867924528301886,0.007407407407407408
48.0,58.0,130.0,1000,,1,0,0,1.0,hunt_hollow_ski_club,400.0,75.0,0,new_york,19.0,400.0,400.0,new_york,2030,1,1.0,3,0,1,825,52.0,10.0,33,5514.0,2384.0,72.0,2836.0,0.16963475221837276,60.48941435248832,0.07254261878853827,,0.013888888888888888,0.14104372355430184,0.15789473684210525,0.0075,0.0,0.0
79.0,89.0,120.0,1600,148.0,2,1,2,2.0,hunter_mountain,,155.0,2,new_york,67.0,320.0,320.0,new_york,3200,4,4.0,13,0,2,1600,59.0,10.0,33,5514.0,2384.0,72.0,2836.0,0.16963475221837276,60.48941435248832,0.05803409503083061,0.06208053691275168,0.05555555555555555,,0.19402985074626866,0.040625,0.014925373134328358,0.003125
40.0,60.0,120.0,1150,103.0,4,0,0,0.5,kissing_bridge,650.0,100.0,2,new_york,39.0,700.0,550.0,new_york,1700,3,5.0,10,0,1,550,59.0,20.0,33,5514.0,2384.0,72.0,2836.0,0.16963475221837276,60.48941435248832,0.12694958287994196,0.04320469798657718,0.06944444444444445,0.22919605077574048,0.2564102564102564,0.014285714285714285,0.0,0.0
59.0,59.0,125.0,1125,,2,0,0,1.0,labrador_mt.,180.0,100.0,0,new_york,23.0,250.0,237.0,new_york,1825,1,1.0,4,0,1,700,62.0,0.0,33,5514.0,2384.0,72.0,2836.0,0.16963475221837276,60.48941435248832,0.04533913674283642,,0.013888888888888888,0.06346967559943582,0.17391304347826086,0.016,0.0,0.0
26.0,38.0,,750,,1,0,0,0.3,maple_ski_ridge,20.0,,0,new_york,10.0,25.0,25.0,new_york,1200,1,,3,0,1,450,57.0,12.0,33,5514.0,2384.0,72.0,2836.0,0.16963475221837276,60.48941435248832,0.004533913674283642,,,0.007052186177715092,0.3,0.12,0.0,0.0
20.0,30.0,200.0,1563,105.0,1,0,0,0.3,mccauley_mountain_ski_center,,105.0,0,new_york,23.0,70.0,55.0,new_york,2250,4,1.0,5,0,0,633,61.0,10.0,33,5514.0,2384.0,72.0,2836.0,0.16963475221837276,60.48941435248832,0.012694958287994197,0.044043624161073824,0.013888888888888888,,0.21739130434782608,0.07142857142857142,0.0,0.0
35.0,54.0,50.0,750,100.0,2,0,0,1.0,mount_peter_ski_area,69.0,100.0,1,new_york,14.0,69.0,69.0,new_york,1250,2,1.0,5,0,0,450,83.0,19.0,33,5514.0,2384.0,72.0,2836.0,0.16963475221837276,60.48941435248832,0.012513601741022852,0.04194630872483222,0.013888888888888888,0.024330042313117067,0.35714285714285715,0.07246376811594203,0.0,0.0
40.0,40.0,120.0,1750,,0,0,0,1.2,oak_mountain,12.0,,1,new_york,22.0,46.0,18.0,new_york,2400,3,1.0,4,0,0,650,71.0,0.0,33,5514.0,2384.0,72.0,2836.0,0.16963475221837276,60.48941435248832,0.008342401160681901,,0.013888888888888888,0.004231311706629055,0.18181818181818182,0.08695652173913043,0.0,0.0
49.0,63.0,225.0,1400,110.0,0,0,0,2.4,peek'n_peak,110.0,,0,new_york,27.0,110.0,110.0,new_york,1800,2,4.0,10,0,8,400,55.0,14.0,33,5514.0,2384.0,72.0,2836.0,0.16963475221837276,60.48941435248832,0.01994922016684802,0.04614093959731544,0.05555555555555555,0.038787023977433006,0.37037037037037035,0.09090909090909091,0.0,0.0
50.0,67.0,175.0,2400,65.0,1,0,0,2.0,plattekill_mountain,,65.0,0,new_york,38.0,110.0,75.0,new_york,3500,2,1.0,4,0,1,1100,26.0,17.0,33,5514.0,2384.0,72.0,2836.0,0.16963475221837276,60.48941435248832,0.01994922016684802,0.02726510067114094,0.013888888888888888,,0.10526315789473684,0.03636363636363636,0.0,0.0
45.0,45.0,90.0,1250,,3,0,0,0.3,royal_mountain_ski_area,,,0,new_york,14.0,35.0,28.0,new_york,1800,0,,3,0,0,550,63.0,0.0,33,5514.0,2384.0,72.0,2836.0,0.16963475221837276,60.48941435248832,0.006347479143997099,,,,0.21428571428571427,0.08571428571428572,0.0,0.0
38.0,48.0,230.0,1350,73.0,4,0,0,0.8,snow_ridge,40.0,100.0,0,new_york,21.0,130.0,65.0,new_york,2000,2,2.0,6,0,0,650,74.0,10.0,33,5514.0,2384.0,72.0,2836.0,0.16963475221837276,60.48941435248832,0.023576351106274936,0.030620805369127518,0.027777777777777776,0.014104372355430184,0.2857142857142857,0.046153846153846156,0.0,0.0
59.0,59.0,125.0,1240,90.0,1,0,0,0.4,song_mountain,70.0,122.0,0,new_york,24.0,93.0,70.0,new_york,1940,3,,5,0,1,700,55.0,0.0,33,5514.0,2384.0,72.0,2836.0,0.16963475221837276,60.48941435248832,0.016866158868335146,0.037751677852348994,,0.02468265162200282,0.20833333333333334,0.053763440860215055,0.0,0.0
49.0,59.0,120.0,1320,102.0,1,0,0,1.0,swain,80.0,100.0,3,new_york,35.0,130.0,90.0,new_york,1970,1,3.0,5,0,0,650,72.0,10.0,33,5514.0,2384.0,72.0,2836.0,0.16963475221837276,60.48941435248832,0.023576351106274936,0.04278523489932886,0.041666666666666664,0.028208744710860368,0.14285714285714285,0.038461538461538464,0.0,0.0
39.0,49.0,150.0,825,101.0,6,0,0,2.0,titus_mountain,70.0,100.0,0,new_york,50.0,200.0,150.0,new_york,2025,2,3.0,10,0,2,1200,59.0,10.0,33,5514.0,2384.0,72.0,2836.0,0.16963475221837276,60.48941435248832,0.03627130939426913,0.04236577181208054,0.041666666666666664,0.02468265162200282,0.2,0.05,0.0,0.0
55.0,55.0,130.0,1300,,1,0,0,0.4,toggenburg_mountain,73.0,122.0,0,new_york,22.0,85.0,,new_york,2000,3,2.0,5,0,1,700,66.0,0.0,33,5514.0,2384.0,72.0,2836.0,0.16963475221837276,60.48941435248832,0.015415306492564382,,0.027777777777777776,0.025740479548660086,0.22727272727272727,0.058823529411764705,0.0,0.0
49.0,59.0,80.0,460,,2,0,0,0.6,west_mountain,105.0,120.0,0,new_york,29.0,124.0,105.0,new_york,1470,2,1.0,5,0,1,1010,58.0,10.0,33,5514.0,2384.0,72.0,2836.0,0.16963475221837276,60.48941435248832,0.022488211824446862,,0.013888888888888888,0.03702397743300423,0.1724137931034483,0.04032258064516129,0.0,0.0
96.0,96.0,168.0,1220,122.0,5,1,0,2.1,whiteface_mountain_resort,,141.0,1,new_york,86.0,288.0,220.0,new_york,4650,2,5.0,12,1,2,3430,61.0,0.0,33,5514.0,2384.0,72.0,2836.0,0.16963475221837276,60.48941435248832,0.05223068552774755,0.051174496644295304,0.06944444444444445,,0.13953488372093023,0.041666666666666664,0.011627906976744186,0.003472222222222222
46.0,46.0,80.0,910,85.0,2,0,0,0.4,willard_mountain,35.0,120.0,0,new_york,16.0,50.0,35.0,new_york,1415,3,,5,0,0,505,19.0,0.0,33,5514.0,2384.0,72.0,2836.0,0.16963475221837276,60.48941435248832,0.009067827348567283,0.03565436241610738,,0.01234132581100141,0.3125,0.1,0.0,0.0
85.0,95.0,105.0,1500,123.0,1,2,1,2.0,windham_mountain,56.0,130.0,0,new_york,54.0,285.0,280.0,new_york,3100,5,6.0,12,0,3,1600,59.0,10.0,33,5514.0,2384.0,72.0,2836.0,0.16963475221837276,60.48941435248832,0.051686615886833515,0.051593959731543626,0.08333333333333333,0.019746121297602257,0.2222222222222222,0.042105263157894736,0.037037037037037035,0.007017543859649123
31.0,39.0,180.0,900,,2,0,0,0.3,woods_valley_ski_area,15.0,,0,new_york,21.0,25.0,16.0,new_york,1400,4,,6,0,0,500,55.0,8.0,33,5514.0,2384.0,72.0,2836.0,0.16963475221837276,60.48941435248832,0.004533913674283642,,,0.005289139633286318,0.2857142857142857,0.24,0.0,0.0
40.0,64.0,50.0,3635,100.0,1,0,0,0.5,appalachian_ski_mountain,27.0,100.0,2,north_carolina,12.0,27.0,27.0,north_carolina,4000,2,3.0,5,0,0,365,57.0,24.0,6,370.0,506.0,9.0,335.0,0.057207779800390615,11.148479161634366,0.07297297297297298,0.1976284584980237,0.3333333333333333,0.08059701492537313,0.4166666666666667,0.18518518518518517,0.0,0.0
43.0,70.0,50.0,4660,141.0,1,0,0,1.0,cataloochee_ski_area,50.0,108.0,1,north_carolina,18.0,50.0,50.0,north_carolina,5400,2,2.0,5,0,1,740,58.0,27.0,6,370.0,506.0,9.0,335.0,0.057207779800390615,11.148479161634366,0.13513513513513514,0.27865612648221344,0.2222222222222222,0.14925373134328357,0.2777777777777778,0.1,0.0,0.0
40.0,43.0,24.0,3200,53.0,0,0,0,1.0,sapphire_valley,8.0,60.0,1,north_carolina,,8.0,8.0,north_carolina,3450,2,1.0,3,0,0,200,55.0,3.0,6,370.0,506.0,9.0,335.0,0.057207779800390615,11.148479161634366,0.021621621621621623,0.10474308300395258,0.1111111111111111,0.023880597014925373,,0.375,,0.0
41.0,68.0,31.0,4675,98.0,3,0,0,1.0,beech_mountain_resort,95.0,,3,north_carolina,17.0,95.0,95.0,north_carolina,5506,2,1.0,8,0,0,830,52.0,27.0,6,370.0,506.0,9.0,335.0,0.057207779800390615,11.148479161634366,0.25675675675675674,0.19367588932806323,0.1111111111111111,0.2835820895522388,0.47058823529411764,0.08421052631578947,0.0,0.0
45.0,75.0,77.0,4100,114.0,4,0,1,1.5,sugar_mountain_resort,95.0,120.0,0,north_carolina,21.0,125.0,125.0,north_carolina,5300,2,1.0,8,0,1,1200,50.0,30.0,6,370.0,506.0,9.0,335.0,0.057207779800390615,11.148479161634366,0.33783783783783783,0.22529644268774704,0.1111111111111111,0.2835820895522388,0.38095238095238093,0.064,0.0,0.0
42.0,65.0,65.0,4000,,1,0,0,0.6,wolf_ridge_ski_resort,60.0,100.0,1,north_carolina,15.0,65.0,65.0,north_carolina,4700,2,1.0,4,0,0,720,49.0,23.0,6,370.0,506.0,9.0,335.0,0.057207779800390615,11.148479161634366,0.17567567567567569,,0.1111111111111111,0.1791044776119403,0.26666666666666666,0.06153846153846154,0.0,0.0
43.0,43.0,120.0,1260,105.0,1,0,0,0.2,alpine_valley,72.0,,1,ohio,11.0,72.0,72.0,ohio,1500,1,1.0,5,0,2,230,53.0,0.0,5,421.0,489.0,12.0,421.0,0.042774892848893416,11.154240842368269,0.171021377672209,0.2147239263803681,0.08333333333333333,0.171021377672209,0.45454545454545453,0.06944444444444445,0.0,0.0
44.0,44.0,51.0,631,92.0,2,0,0,0.3,boston_mills,40.0,110.0,0,ohio,7.0,40.0,40.0,ohio,871,2,2.0,8,0,4,264,56.0,0.0,5,421.0,489.0,12.0,421.0,0.042774892848893416,11.154240842368269,0.09501187648456057,0.18813905930470348,0.16666666666666666,0.09501187648456057,1.1428571428571428,0.2,0.0,0.0
44.0,44.0,51.0,631,92.0,2,0,0,0.3,brandywine,85.0,110.0,2,ohio,11.0,85.0,85.0,ohio,871,5,2.0,16,0,7,240,56.0,0.0,5,421.0,489.0,12.0,421.0,0.042774892848893416,11.154240842368269,0.20190023752969122,0.18813905930470348,0.16666666666666666,0.20190023752969122,1.4545454545454546,0.18823529411764706,0.0,0.0
39.0,44.0,36.0,1160,99.0,3,0,0,0.5,mad_river_mountain,144.0,90.0,1,ohio,20.0,144.0,144.0,ohio,1460,6,4.0,12,0,2,300,57.0,5.0,5,421.0,489.0,12.0,421.0,0.042774892848893416,11.154240842368269,0.342042755344418,0.20245398773006135,0.3333333333333333,0.342042755344418,0.6,0.08333333333333333,0.0,0.0
41.0,52.0,50.0,1174,101.0,2,0,0,0.2,snow_trails,80.0,70.0,0,ohio,17.0,80.0,80.0,ohio,1475,3,3.0,9,0,4,301,58.0,11.0,5,421.0,489.0,12.0,421.0,0.042774892848893416,11.154240842368269,0.19002375296912113,0.2065439672801636,0.25,0.19002375296912113,0.5294117647058824,0.1125,0.0,0.0
40.0,40.0,300.0,7100,75.0,0,0,0,1.5,anthony_lakes_mountain_resort,,80.0,0,oregon,21.0,1100.0,,oregon,8000,2,2.0,3,0,1,900,56.0,0.0,10,11774.0,1180.0,22.0,1127.0,0.23709396768930827,10.164770936886937,0.09342619330728724,0.0635593220338983,0.09090909090909091,,0.14285714285714285,0.0027272727272727275,0.0,0.0
39.0,39.0,100.0,3500,78.0,1,0,0,0.1,cooper_spur,,90.0,0,mt._hood,10.0,50.0,,oregon,4000,1,,2,0,0,350,66.0,0.0,10,11774.0,1180.0,22.0,1127.0,0.23709396768930827,10.164770936886937,0.004246645150331238,0.06610169491525424,,,0.2,0.04,0.0,0.0
59.0,59.0,350.0,4668,80.0,1,0,0,0.4,hoodoo_ski_area,200.0,108.0,3,oregon,34.0,806.0,,oregon,5703,0,,5,0,1,1035,81.0,0.0,10,11774.0,1180.0,22.0,1127.0,0.23709396768930827,10.164770936886937,0.06845591982333957,0.06779661016949153,,0.1774622892635315,0.14705882352941177,0.00620347394540943,0.0,0.0
45.0,52.0,300.0,6383,94.0,2,0,0,1.0,mt._ashland,40.0,92.0,0,oregon,23.0,220.0,,oregon,7533,1,2.0,5,0,2,1150,55.0,7.0,10,11774.0,1180.0,22.0,1127.0,0.23709396768930827,10.164770936886937,0.018685238661457448,0.07966101694915254,0.09090909090909091,0.0354924578527063,0.21739130434782608,0.022727272727272728,0.0,0.0
99.0,99.0,462.0,5700,185.0,0,8,0,4.0,mt._bachelor,,185.0,0,oregon,101.0,4318.0,20.0,oregon,9065,0,5.0,11,0,3,3365,61.0,0.0,10,11774.0,1180.0,22.0,1127.0,0.23709396768930827,10.164770936886937,0.36674027518260577,0.15677966101694915,0.22727272727272727,,0.10891089108910891,0.0025474756831866605,0.07920792079207921,0.0018527095877721167
70.0,70.0,300.0,3600,125.0,4,0,0,3.0,mt._hood_skibowl,317.0,144.0,0,mt._hood,65.0,960.0,29.0,oregon,5100,5,2.0,9,0,0,1500,82.0,0.0,10,11774.0,1180.0,22.0,1127.0,0.23709396768930827,10.164770936886937,0.08153558688635977,0.1059322033898305,0.09090909090909091,0.28127772848269744,0.13846153846153847,0.009375,0.0,0.0
60.0,60.0,430.0,5120,3.0,0,0,1,2.1,willamette_pass,,100.0,0,oregon,29.0,555.0,60.0,oregon,6683,1,,5,0,3,1563,78.0,0.0,10,11774.0,1180.0,22.0,1127.0,0.23709396768930827,10.164770936886937,0.047137761168676746,0.002542372881355932,,,0.1724137931034483,0.009009009009009009,0.0,0.0
50.0,60.0,30.0,600,91.0,0,0,0,1.0,bear_creek_mountain_resort,86.0,90.0,3,pennsylvania,23.0,86.0,86.0,pennsylvania,1100,2,3.0,6,0,1,510,52.0,10.0,19,1888.0,1404.0,47.0,1528.0,0.14841443778775315,41.255916967038694,0.045550847457627115,0.06481481481481481,0.06382978723404255,0.056282722513089,0.2608695652173913,0.06976744186046512,0.0,0.0
50.0,62.0,69.0,600,75.0,4,0,0,1.5,ski_big_bear,26.0,75.0,0,pennsylvania,18.0,26.0,26.0,pennsylvania,1250,2,1.0,6,0,0,650,43.0,12.0,19,1888.0,1404.0,47.0,1528.0,0.14841443778775315,41.255916967038694,0.013771186440677966,0.053418803418803416,0.02127659574468085,0.017015706806282723,0.3333333333333333,0.23076923076923078,0.0,0.0
50.0,65.0,50.0,1700,76.0,5,0,0,,big_boulder,55.0,95.0,0,pennsylvania,16.0,55.0,55.0,pennsylvania,2175,1,8.0,8,0,2,600,72.0,15.0,19,1888.0,1404.0,47.0,1528.0,0.14841443778775315,41.255916967038694,0.02913135593220339,0.05413105413105413,0.1702127659574468,0.03599476439790576,0.5,0.14545454545454545,0.0,0.0
43.0,68.0,120.0,2074,87.0,2,0,0,2.0,blue_knob,42.0,105.0,0,pennsylvania,34.0,100.0,84.0,pennsylvania,3146,2,1.0,6,0,2,1072,56.0,25.0,19,1888.0,1404.0,47.0,1528.0,0.14841443778775315,41.255916967038694,0.05296610169491525,0.06196581196581197,0.02127659574468085,0.0274869109947644,0.17647058823529413,0.06,0.0,0.0
55.0,65.0,33.0,460,122.0,3,1,1,1.2,blue_mountain_resort,164.0,112.0,1,pennsylvania,39.0,164.0,164.0,pennsylvania,1600,9,5.0,16,0,1,1082,42.0,10.0,19,1888.0,1404.0,47.0,1528.0,0.14841443778775315,41.255916967038694,0.08686440677966102,0.0868945868945869,0.10638297872340426,0.10732984293193717,0.41025641025641024,0.0975609756097561,0.02564102564102564,0.006097560975609756
55.0,70.0,50.0,1250,100.0,5,2,0,1.0,camelback_mountain_resort,160.0,100.0,0,pennsylvania,37.0,166.0,166.0,pennsylvania,2100,6,5.0,16,0,3,800,56.0,15.0,19,1888.0,1404.0,47.0,1528.0,0.14841443778775315,41.255916967038694,0.08792372881355932,0.07122507122507123,0.10638297872340426,0.10471204188481675,0.43243243243243246,0.0963855421686747,0.05405405405405406,0.012048192771084338
55.0,69.0,60.0,1693,,5,0,0,0.7,elk_mountain_ski_resort,90.0,100.0,1,pennsylvania,27.0,180.0,146.0,pennsylvania,2693,1,2.0,7,0,0,1000,60.0,14.0,19,1888.0,1404.0,47.0,1528.0,0.14841443778775315,41.255916967038694,0.09533898305084745,,0.0425531914893617,0.058900523560209424,0.25925925925925924,0.03888888888888889,0.0,0.0
50.0,65.0,50.0,1400,96.0,5,0,0,1.0,jack_frost,,105.0,1,pennsylvania,20.0,100.0,100.0,pennsylvania,2000,1,1.0,9,0,2,600,47.0,15.0,19,1888.0,1404.0,47.0,1528.0,0.14841443778775315,41.255916967038694,0.05296610169491525,0.06837606837606838,0.02127659574468085,,0.45,0.09,0.0,0.0
67.0,77.0,31.0,570,107.0,0,0,0,1.0,liberty,100.0,97.0,5,pennsylvania,16.0,100.0,100.0,pennsylvania,1190,3,3.0,8,0,0,620,54.0,10.0,19,1888.0,1404.0,47.0,1528.0,0.14841443778775315,41.255916967038694,0.05296610169491525,0.07621082621082621,0.06382978723404255,0.06544502617801047,0.5,0.08,0.0,0.0
30.0,33.0,100.0,1200,75.0,0,0,0,0.5,mount_pleasant_of_edinboro,35.0,90.0,0,pennsylvania,10.0,40.0,35.0,pennsylvania,1540,1,,2,0,1,340,48.0,3.0,19,1888.0,1404.0,47.0,1528.0,0.14841443778775315,41.255916967038694,0.0211864406779661,0.053418803418803416,,0.022905759162303665,0.2,0.05,0.0,0.0
63.0,73.0,30.0,800,,0,0,0,0.4,roundtop_mountain_resort,100.0,,3,pennsylvania,20.0,103.0,103.0,pennsylvania,1400,3,2.0,8,0,2,600,55.0,10.0,19,1888.0,1404.0,47.0,1528.0,0.14841443778775315,41.255916967038694,0.05455508474576271,,0.0425531914893617,0.06544502617801047,0.4,0.07766990291262135,0.0,0.0
67.0,87.0,135.0,2240,99.0,0,0,2,1.2,seven_springs,200.0,115.0,3,pennsylvania,33.0,285.0,285.0,pennsylvania,2994,4,7.0,14,0,5,750,87.0,20.0,19,1888.0,1404.0,47.0,1528.0,0.14841443778775315,41.255916967038694,0.15095338983050846,0.07051282051282051,0.14893617021276595,0.13089005235602094,0.42424242424242425,0.04912280701754386,0.0,0.0
55.0,65.0,50.0,650,100.0,4,1,0,1.6,shawnee_mountain_ski_area,120.0,122.0,1,pennsylvania,23.0,125.0,125.0,pennsylvania,1350,4,2.0,10,0,0,700,44.0,10.0,19,1888.0,1404.0,47.0,1528.0,0.14841443778775315,41.255916967038694,0.06620762711864407,0.07122507122507123,0.0425531914893617,0.07853403141361257,0.43478260869565216,0.08,0.043478260869565216,0.008
30.0,44.0,24.0,1700,,1,0,0,0.1,ski_sawmill,15.0,90.0,0,pennsylvania,14.0,15.0,13.0,pennsylvania,2215,3,1.0,5,0,1,515,50.0,14.0,19,1888.0,1404.0,47.0,1528.0,0.14841443778775315,41.255916967038694,0.007944915254237288,,0.02127659574468085,0.00981675392670157,0.35714285714285715,0.3333333333333333,0.0,0.0
40.0,45.0,41.0,1230,100.0,1,0,0,0.3,tussey_mountain,30.0,100.0,1,pennsylvania,8.0,38.0,30.0,pennsylvania,1750,3,1.0,5,0,0,520,39.0,5.0,19,1888.0,1404.0,47.0,1528.0,0.14841443778775315,41.255916967038694,0.020127118644067795,0.07122507122507123,0.02127659574468085,0.01963350785340314,0.625,0.13157894736842105,0.0,0.0
69.0,71.0,40.0,865,116.0,2,1,0,1.0,whitetail_resort,120.0,100.0,3,pennsylvania,23.0,120.0,120.0,pennsylvania,1800,2,2.0,8,0,0,935,28.0,2.0,19,1888.0,1404.0,47.0,1528.0,0.14841443778775315,41.255916967038694,0.0635593220338983,0.08262108262108261,0.0425531914893617,0.07853403141361257,0.34782608695652173,0.06666666666666667,0.043478260869565216,0.008333333333333333
45.0,45.0,200.0,6040,69.0,1,0,0,1.6,deer_mountain_ski_resort,,81.0,0,south_dakota,63.0,500.0,50.0,south_dakota,6850,2,2.0,4,0,1,940,51.0,0.0,2,950.0,183.0,3.0,0.0,0.22607581000136776,2.593495513252762,0.5263157894736842,0.3770491803278688,0.6666666666666666,,0.06349206349206349,0.008,0.0,0.0
58.0,58.0,150.0,5900,114.0,0,3,0,1.2,terry_peak_ski_area,,120.0,0,south_dakota,30.0,450.0,225.0,south_dakota,7100,1,1.0,5,0,1,1100,65.0,0.0,2,950.0,183.0,3.0,0.0,0.22607581000136776,2.593495513252762,0.47368421052631576,0.6229508196721312,0.3333333333333333,,0.16666666666666666,0.011111111111111112,0.1,0.006666666666666667
36.0,65.0,35.0,2700,83.0,1,0,0,1.0,ober_gatlinburg_ski_resort,,94.0,2,tennessee,10.0,,,tennessee,3300,1,1.0,4,0,0,600,44.0,29.0,1,0.0,83.0,1.0,0.0,0.014643059321669063,2.3728170083523157,,1.0,1.0,,0.4,,0.0,
116.0,116.0,545.0,8530,150.0,2,3,0,1.3,alta_ski_area,,140.0,0,salt_lake_city,116.0,2614.0,140.0,utah,11068,0,,6,0,1,2538,81.0,0.0,13,30508.0,1544.0,26.0,642.0,0.4054950189615709,15.312673003757494,0.08568244394912809,0.09715025906735751,,,0.05172413793103448,0.0022953328232593728,0.02586206896551724,0.0011476664116296864
50.0,50.0,400.0,7232,120.0,3,0,0,0.8,beaver_mountain,,120.0,0,utah,48.0,464.0,,utah,8600,1,2.0,5,0,1,1600,81.0,0.0,13,30508.0,1544.0,26.0,642.0,0.4054950189615709,15.312673003757494,0.015209125475285171,0.07772020725388601,0.07692307692307693,,0.10416666666666667,0.010775862068965518,0.0,0.0
42.0,59.0,360.0,9600,149.0,1,1,0,0.6,brian_head_resort,,148.0,0,utah,71.0,650.0,216.0,utah,10970,0,2.0,8,0,6,1548,54.0,17.0,13,30508.0,1544.0,26.0,642.0,0.4054950189615709,15.312673003757494,0.02130588698046414,0.09650259067357513,0.07692307692307693,,0.11267605633802817,0.012307692307692308,0.014084507042253521,0.0015384615384615385
85.0,85.0,500.0,8755,138.0,0,3,0,1.2,brighton_resort,200.0,138.0,1,salt_lake_city,66.0,1050.0,200.0,utah,10500,2,4.0,7,0,1,1745,83.0,0.0,13,30508.0,1544.0,26.0,642.0,0.4054950189615709,15.312673003757494,0.03441720204536515,0.08937823834196891,0.15384615384615385,0.3115264797507788,0.10606060606060606,0.006666666666666667,0.045454545454545456,0.002857142857142857
169.0,169.0,300.0,6570,,2,13,0,2.8,deer_valley_resort,,,0,salt_lake_city,103.0,2026.0,660.0,utah,9570,0,,21,1,5,3000,39.0,0.0,13,30508.0,1544.0,26.0,642.0,0.4054950189615709,15.312673003757494,0.06640881080372361,,,,0.20388349514563106,0.010365251727541954,0.1262135922330097,0.006416584402764067
45.0,60.0,400.0,9100,,2,0,0,0.9,eagle_point,,109.0,1,utah,40.0,650.0,,utah,10600,1,1.0,5,0,1,1500,9.0,15.0,13,30508.0,1544.0,26.0,642.0,0.4054950189615709,15.312673003757494,0.02130588698046414,,0.038461538461538464,,0.125,0.007692307692307693,0.0,0.0
88.0,88.0,500.0,6900,120.0,0,1,0,3.5,powder_mountain,300.0,146.0,4,utah,167.0,8464.0,,utah,9422,3,2.0,9,0,1,2522,47.0,0.0,13,30508.0,1544.0,26.0,642.0,0.4054950189615709,15.312673003757494,0.27743542677330535,0.07772020725388601,0.07692307692307693,0.4672897196261682,0.05389221556886228,0.0010633270321361058,0.005988023952095809,0.00011814744801512288
115.0,115.0,300.0,6450,143.0,0,2,1,3.5,snowbasin,,138.0,0,utah,107.0,3000.0,625.0,utah,9350,2,4.0,11,3,3,2900,79.0,0.0,13,30508.0,1544.0,26.0,642.0,0.4054950189615709,15.312673003757494,0.09833486298675757,0.09261658031088082,0.15384615384615385,,0.102803738317757,0.0036666666666666666,0.018691588785046728,0.0006666666666666666
125.0,125.0,500.0,7760,188.0,4,6,0,2.5,snowbird,2.0,180.0,0,salt_lake_city,170.0,2500.0,,utah,11000,3,1.0,14,1,0,3240,48.0,0.0,13,30508.0,1544.0,26.0,642.0,0.4054950189615709,15.312673003757494,0.08194571915563131,0.12176165803108809,0.038461538461538464,0.003115264797507788,0.08235294117647059,0.0056,0.03529411764705882,0.0024
109.0,119.0,500.0,7994,161.0,1,4,0,3.0,solitude_mountain_resort,,148.0,2,salt_lake_city,80.0,1200.0,150.0,utah,10488,1,,9,0,1,2494,62.0,10.0,13,30508.0,1544.0,26.0,642.0,0.4054950189615709,15.312673003757494,0.03933394519470303,0.10427461139896373,,,0.1125,0.0075,0.05,0.0033333333333333335
80.0,80.0,320.0,6100,128.0,0,0,0,0.6,sundance,,129.0,2,utah,45.0,450.0,112.0,utah,8250,1,1.0,5,0,2,2150,50.0,0.0,13,30508.0,1544.0,26.0,642.0,0.4054950189615709,15.312673003757494,0.014750229448013635,0.08290155440414508,0.038461538461538464,,0.1111111111111111,0.011111111111111112,0.0,0.0
45.0,50.0,300.0,5440,105.0,2,0,0,0.4,nordic_valley_resort,140.0,105.0,0,utah,23.0,140.0,84.0,utah,6400,2,1.0,4,0,0,960,51.0,5.0,13,30508.0,1544.0,26.0,642.0,0.4054950189615709,15.312673003757494,0.004588960272715353,0.06800518134715026,0.038461538461538464,0.21806853582554517,0.17391304347826086,0.02857142857142857,0.0,0.0
69.0,79.0,300.0,1446,133.0,3,0,0,0.6,bolton_valley,50.0,132.0,2,vermont,71.0,300.0,90.0,vermont,3150,1,3.0,6,0,0,1704,53.0,10.0,15,7239.0,1777.0,50.0,50.0,2.4038885300862676,155.99001663893512,0.04144218814753419,0.07484524479459764,0.06,1.0,0.08450704225352113,0.02,0.0,0.0
87.0,91.0,168.0,1950,,4,1,0,2.5,bromley_mountain,,152.0,1,vermont,47.0,178.0,153.0,vermont,3284,3,1.0,9,0,0,1334,83.0,4.0,15,7239.0,1777.0,50.0,50.0,2.4038885300862676,155.99001663893512,0.02458903163420362,,0.02,,0.19148936170212766,0.05056179775280899,0.02127659574468085,0.0056179775280898875
73.0,73.0,217.0,1210,110.0,0,2,0,2.2,burke_mountain,,125.0,1,vermont,50.0,178.0,125.0,vermont,3267,3,3.0,6,0,0,2011,62.0,0.0,15,7239.0,1777.0,50.0,50.0,2.4038885300862676,155.99001663893512,0.02458903163420362,0.061902082160945414,0.06,,0.12,0.033707865168539325,0.04,0.011235955056179775
89.0,89.0,349.0,1815,155.0,1,1,0,3.0,jay_peak,,160.0,3,vermont,79.0,385.0,300.0,vermont,3968,2,2.0,9,1,1,2153,64.0,0.0,15,7239.0,1777.0,50.0,50.0,2.4038885300862676,155.99001663893512,0.05318414145600221,0.08722566122678672,0.04,,0.11392405063291139,0.023376623376623377,0.012658227848101266,0.0025974025974025974
119.0,119.0,250.0,1165,192.0,1,5,1,6.0,killington_resort,,,4,vermont,155.0,1515.0,600.0,vermont,4241,5,6.0,22,3,3,3050,61.0,0.0,15,7239.0,1777.0,50.0,50.0,2.4038885300862676,155.99001663893512,0.20928305014504767,0.1080472706809229,0.12,,0.14193548387096774,0.014521452145214522,0.03225806451612903,0.0033003300330033004
74.0,74.0,150.0,1350,76.0,3,0,0,1.6,magic_mountain,,80.0,0,vermont,50.0,205.0,95.0,vermont,2850,3,1.0,6,0,0,1500,59.0,0.0,15,7239.0,1777.0,50.0,50.0,2.4038885300862676,155.99001663893512,0.028318828567481698,0.04276871131119865,0.02,,0.12,0.02926829268292683,0.0,0.0
81.0,81.0,250.0,2000,,2,2,0,4.0,pico_mountain,,,0,vermont,59.0,260.0,156.0,vermont,3967,1,1.0,7,0,2,1967,82.0,0.0,15,7239.0,1777.0,50.0,50.0,2.4038885300862676,155.99001663893512,0.0359165630611963,,0.02,,0.11864406779661017,0.026923076923076925,0.03389830508474576,0.007692307692307693
79.0,79.0,280.0,1030,136.0,6,0,0,3.0,smugglers'_notch_resort,,135.0,0,vermont,78.0,1000.0,192.0,vermont,3640,2,6.0,8,0,0,2610,63.0,0.0,15,7239.0,1777.0,50.0,50.0,2.4038885300862676,155.99001663893512,0.1381406271584473,0.07653348339898705,0.12,,0.10256410256410256,0.008,0.0,0.0
119.0,119.0,250.0,1483,150.0,1,5,0,3.0,sugarbush,,156.0,5,vermont,111.0,581.0,406.0,vermont,4083,3,4.0,16,0,2,2600,61.0,0.0,15,7239.0,1777.0,50.0,50.0,2.4038885300862676,155.99001663893512,0.08025970437905788,0.08441193021947102,0.08,,0.14414414414414414,0.027538726333907058,0.04504504504504504,0.008605851979345954
45.0,75.0,90.0,550,100.0,2,0,0,0.4,suicide_six,,106.0,0,vermont,24.0,100.0,50.0,vermont,1200,1,,3,0,0,650,85.0,30.0,15,7239.0,1777.0,50.0,50.0,2.4038885300862676,155.99001663893512,0.01381406271584473,0.056274620146314014,,,0.125,0.03,0.0,0.0
43.0,68.0,30.0,1250,100.0,1,0,0,0.4,bryce_resort,20.0,95.0,1,virginia,8.0,25.0,25.0,virginia,1750,5,,7,0,0,500,54.0,25.0,4,269.0,366.0,4.0,135.0,0.04686299684881493,9.35125657510228,0.09293680297397769,0.273224043715847,,0.14814814814814814,0.875,0.28,0.0,0.0
62.0,62.0,301.0,3932,101.0,5,0,0,2.0,49_degrees_north,250.0,135.0,1,washington,89.0,2325.0,,washington,5774,1,1.0,7,0,0,1851,48.0,0.0,10,15330.0,1022.0,21.0,1997.0,0.13132160885254723,14.02563886785043,0.15166340508806261,0.09882583170254403,0.047619047619047616,0.12518778167250877,0.07865168539325842,0.003010752688172043,0.0,0.0
42.0,47.0,300.0,4545,70.0,0,0,0,2.0,bluewood,,110.0,0,washington,24.0,355.0,,washington,5670,1,2.0,3,0,2,1125,40.0,5.0,10,15330.0,1022.0,21.0,1997.0,0.13132160885254723,14.02563886785043,0.023157208088714937,0.0684931506849315,0.09523809523809523,,0.125,0.008450704225352112,0.0,0.0
99.0,99.0,486.0,4400,,2,2,2,2.5,crystal_mountain,,,1,washington,57.0,2600.0,10.0,washington,7012,0,1.0,10,1,2,3100,57.0,0.0,10,15330.0,1022.0,21.0,1997.0,0.13132160885254723,14.02563886785043,0.16960208741030658,,0.047619047619047616,,0.17543859649122806,0.0038461538461538464,0.03508771929824561,0.0007692307692307692
53.75,60.01,663.0,3500,143.0,0,0,0,0.7,mt._baker,,165.0,8,washington,38.0,1000.0,,washington,5000,2,,10,0,0,1500,66.0,6.259999999999998,10,15330.0,1022.0,21.0,1997.0,0.13132160885254723,14.02563886785043,0.06523157208088715,0.13992172211350293,,,0.2631578947368421,0.01,0.0,0.0
45.0,59.0,300.0,4200,100.0,5,0,0,0.6,mt._spokane_ski_and_snowboard_park,45.0,103.0,0,washington,52.0,1704.0,,washington,5889,1,3.0,7,0,1,2000,81.0,14.0,10,15330.0,1022.0,21.0,1997.0,0.13132160885254723,14.02563886785043,0.1111545988258317,0.09784735812133072,0.14285714285714285,0.022533800701051578,0.1346153846153846,0.004107981220657277,0.0,0.0
85.0,95.0,428.0,2840,120.0,10,3,0,0.8,the_summit_at_snoqualmie,541.0,140.0,3,washington,112.0,1994.0,5.0,washington,3865,7,5.0,27,0,4,1025,82.0,10.0,10,15330.0,1022.0,21.0,1997.0,0.13132160885254723,14.02563886785043,0.13007175472928897,0.11741682974559686,0.23809523809523808,0.27090635953930897,0.24107142857142858,0.01354062186559679,0.026785714285714284,0.0015045135406218655
69.0,69.0,400.0,4500,148.0,2,2,0,2.5,white_pass,90.0,144.0,1,washington,45.0,1402.0,30.0,washington,6550,2,2.0,8,0,1,2050,67.0,0.0,10,15330.0,1022.0,21.0,1997.0,0.13132160885254723,14.02563886785043,0.09145466405740378,0.14481409001956946,0.09523809523809523,0.045067601402103155,0.17777777777777778,0.005706134094151213,0.044444444444444446,0.0014265335235378032
52.0,68.0,160.0,3430,,0,0,0,1.2,canaan_valley_resort,,93.0,1,west_virginia,47.0,95.0,75.0,west_virginia,4280,1,1.0,4,0,2,850,48.0,16.0,4,542.0,342.0,9.0,187.0,0.22319597666932456,16.50846058605035,0.1752767527675277,,0.1111111111111111,,0.0851063829787234,0.042105263157894736,0.0,0.0
70.0,87.0,180.0,3348,125.0,0,3,0,1.5,snowshoe_mountain_resort,86.0,138.0,2,west_virginia,60.0,257.0,257.0,west_virginia,4848,3,5.0,14,0,6,1500,46.0,17.0,4,542.0,342.0,9.0,187.0,0.22319597666932456,16.50846058605035,0.474169741697417,0.3654970760233918,0.5555555555555556,0.45989304812834225,0.23333333333333334,0.054474708171206226,0.05,0.011673151750972763
72.0,92.0,150.0,3268,97.0,1,0,0,2.0,timberline_four_seasons,27.0,115.0,0,west_virginia,40.0,100.0,100.0,west_virginia,4265,1,1.0,4,0,2,1000,37.0,20.0,4,542.0,342.0,9.0,187.0,0.22319597666932456,16.50846058605035,0.18450184501845018,0.28362573099415206,0.1111111111111111,0.1443850267379679,0.1,0.04,0.0,0.0
56.0,72.0,100.0,2997,120.0,2,0,0,1.2,winterplace_ski_resort,74.0,120.0,2,west_virginia,27.0,90.0,90.0,west_virginia,3600,2,2.0,9,0,3,603,36.0,16.0,4,542.0,342.0,9.0,187.0,0.22319597666932456,16.50846058605035,0.16605166051660517,0.3508771929824561,0.2222222222222222,0.39572192513368987,0.3333333333333333,0.1,0.0,0.0
56.0,65.0,80.0,820,100.0,1,3,0,0.2,alpine_valley_resort,90.0,120.0,0,wisconsin,21.0,90.0,90.0,wisconsin,1040,5,3.0,12,0,3,388,55.0,9.0,15,1750.0,1519.0,40.0,1065.0,0.2576242169511926,22.90216196408941,0.05142857142857143,0.06583278472679395,0.075,0.08450704225352113,0.5714285714285714,0.13333333333333333,0.14285714285714285,0.03333333333333333
33.0,25.0,42.0,1000,42.0,0,0,0,0.5,bruce_mound,30.0,42.0,0,wisconsin,12.0,40.0,30.0,wisconsin,1375,4,2.0,5,0,1,375,71.0,-8.0,15,1750.0,1519.0,40.0,1065.0,0.2576242169511926,22.90216196408941,0.022857142857142857,0.027649769585253458,0.05,0.028169014084507043,0.4166666666666667,0.125,0.0,0.0
59.0,64.0,56.0,820,120.0,2,2,0,1.1,cascade_mountain,,120.0,2,wisconsin,47.0,175.0,175.0,wisconsin,1280,3,4.0,12,0,3,460,57.0,5.0,15,1750.0,1519.0,40.0,1065.0,0.2576242169511926,22.90216196408941,0.1,0.07899934167215274,0.1,,0.2553191489361702,0.06857142857142857,0.0425531914893617,0.011428571428571429
28.0,38.0,48.0,1300,92.0,1,0,0,0.8,christie_mountain,35.0,120.0,0,wisconsin,30.0,45.0,41.0,wisconsin,1650,5,4.0,6,0,0,350,43.0,10.0,15,1750.0,1519.0,40.0,1065.0,0.2576242169511926,22.90216196408941,0.025714285714285714,0.06056616194865043,0.1,0.03286384976525822,0.2,0.13333333333333333,0.0,0.0
45.0,65.0,45.0,495,110.0,6,0,0,1.0,devils_head,200.0,135.0,3,wisconsin,27.0,260.0,260.0,wisconsin,995,2,1.0,12,0,1,500,48.0,20.0,15,1750.0,1519.0,40.0,1065.0,0.2576242169511926,22.90216196408941,0.14857142857142858,0.07241606319947334,0.025,0.18779342723004694,0.4444444444444444,0.046153846153846156,0.0,0.0
28.0,49.0,25.0,875,90.0,3,0,0,0.2,grand_geneva,30.0,93.0,0,wisconsin,20.0,30.0,30.0,wisconsin,1086,3,1.0,6,0,0,211,25.0,21.0,15,1750.0,1519.0,40.0,1065.0,0.2576242169511926,22.90216196408941,0.017142857142857144,0.05924950625411455,0.025,0.028169014084507043,0.3,0.2,0.0,0.0
92.0,92.0,75.0,1242,136.0,0,2,1,0.6,granite_peak_ski_area,200.0,135.0,0,wisconsin,75.0,220.0,160.0,wisconsin,1942,2,4.0,7,0,2,700,82.0,0.0,15,1750.0,1519.0,40.0,1065.0,0.2576242169511926,22.90216196408941,0.12571428571428572,0.08953258722843976,0.1,0.18779342723004694,0.09333333333333334,0.031818181818181815,0.02666666666666667,0.00909090909090909
56.0,56.0,40.0,594,115.0,3,0,0,0.4,mount_la_crosse,90.0,100.0,0,wisconsin,19.0,100.0,100.0,wisconsin,1110,1,1.0,4,0,0,516,60.0,0.0,15,1750.0,1519.0,40.0,1065.0,0.2576242169511926,22.90216196408941,0.05714285714285714,0.07570770243581304,0.025,0.08450704225352113,0.21052631578947367,0.04,0.0,0.0
33.0,44.0,50.0,866,99.0,3,0,0,0.5,sunburst,37.0,115.0,0,wisconsin,13.0,37.0,37.0,wisconsin,1100,6,4.0,9,0,0,214,59.0,11.0,15,1750.0,1519.0,40.0,1065.0,0.2576242169511926,22.90216196408941,0.021142857142857144,0.065174456879526,0.1,0.03474178403755868,0.6923076923076923,0.24324324324324326,0.0,0.0
54.0,54.0,50.0,920,130.0,1,0,0,0.5,trollhaugen,86.0,120.0,2,wisconsin,24.0,86.0,86.0,wisconsin,1200,5,4.0,8,0,0,260,69.0,0.0,15,1750.0,1519.0,40.0,1065.0,0.2576242169511926,22.90216196408941,0.04914285714285714,0.08558262014483213,0.1,0.08075117370892018,0.3333333333333333,0.09302325581395349,0.0,0.0
17.0,48.0,41.0,860,112.0,0,0,0,0.5,tyrol_basin,32.0,103.0,0,wisconsin,18.0,32.0,32.0,wisconsin,1160,2,5.0,5,0,3,300,61.0,31.0,15,1750.0,1519.0,40.0,1065.0,0.2576242169511926,22.90216196408941,0.018285714285714287,0.07373271889400922,0.125,0.03004694835680751,0.2777777777777778,0.15625,0.0,0.0
60.0,60.0,200.0,1295,105.0,4,0,0,1.0,whitecap_mountain,,118.0,1,wisconsin,43.0,400.0,300.0,wisconsin,1750,0,1.0,5,0,0,400,57.0,0.0,15,1750.0,1519.0,40.0,1065.0,0.2576242169511926,22.90216196408941,0.22857142857142856,0.06912442396313365,0.025,,0.11627906976744186,0.0125,0.0,0.0
56.0,66.0,70.0,800,125.0,2,0,0,0.5,wilmot_mountain,135.0,139.0,3,wisconsin,23.0,135.0,135.0,wisconsin,1030,3,2.0,10,0,2,230,81.0,10.0,15,1750.0,1519.0,40.0,1065.0,0.2576242169511926,22.90216196408941,0.07714285714285714,0.08229098090849243,0.05,0.1267605633802817,0.43478260869565216,0.07407407407407407,0.0,0.0
90.0,90.0,500.0,7851,152.0,0,2,0,2.7,grand_targhee_resort,,152.0,2,wyoming,95.0,2602.0,,wyoming,9920,1,1.0,5,0,0,2270,50.0,0.0,8,6523.0,716.0,14.0,110.0,1.3822679215355613,8.17887192908918,0.3988962133987429,0.2122905027932961,0.07142857142857142,,0.05263157894736842,0.001921598770176787,0.021052631578947368,0.0007686395080707148
48.0,48.0,80.0,7400,121.0,1,0,0,0.6,hogadon_basin,,95.0,0,wyoming,28.0,92.0,32.0,wyoming,8000,1,1.0,2,0,0,640,61.0,0.0,8,6523.0,716.0,14.0,110.0,1.3822679215355613,8.17887192908918,0.01410393990495171,0.16899441340782123,0.07142857142857142,,0.07142857142857142,0.021739130434782608,0.0,0.0
42.0,42.0,310.0,6619,61.0,1,0,0,1.0,sleeping_giant_ski_resort,,77.0,0,wyoming,48.0,184.0,18.0,wyoming,7428,1,1.0,3,0,1,810,81.0,0.0,8,6523.0,716.0,14.0,110.0,1.3822679215355613,8.17887192908918,0.02820787980990342,0.08519553072625698,0.07142857142857142,,0.0625,0.016304347826086956,0.0,0.0
59.0,59.0,300.0,6237,121.0,1,0,0,1.0,snow_king_resort,110.0,123.0,1,wyoming,32.0,400.0,250.0,wyoming,7808,0,2.0,3,0,1,1571,80.0,0.0,8,6523.0,716.0,14.0,110.0,1.3822679215355613,8.17887192908918,0.06132147784761613,0.16899441340782123,0.14285714285714285,1.0,0.09375,0.0075,0.0,0.0
49.0,49.0,250.0,8798,131.0,3,0,0,0.7,snowy_range_ski_&_recreation_area,,,0,wyoming,33.0,75.0,30.0,wyoming,9663,1,2.0,5,0,1,990,59.0,0.0,8,6523.0,716.0,14.0,110.0,1.3822679215355613,8.17887192908918,0.011497777096428024,0.1829608938547486,0.14285714285714285,,0.15151515151515152,0.06666666666666667,0.0,0.0
